country,n,nstud,pb_median,prev_prev,bact_prev,pb_median_of_studies,n_studies_ge20,hdi,band
AR,34,3,1.2394729,0.9411765,0.7647059,1.7931699,1.0,0.85,high
AT,372,8,-3.1497478,0.34946236,0.9596774,-3.6478424,5.0,0.93,high
AU,832,11,-2.7042692,0.5108173,0.9495192,-2.8031156,11.0,0.95,high
BD,218,4,3.4694939,0.9495413,0.36697248,2.7943606,3.0,0.67,low
BE,710,7,-3.5397596,0.43661973,0.93521124,-1.3333066,7.0,0.94,high
BF,420,2,2.2096272,0.99761903,0.5833333,2.1959739,2.0,0.44,low
BG,110,2,-0.22362596,0.90909094,1.0,-0.1524775,1.0,0.8,high
CA,4620,34,-3.0614886,0.4551948,0.9487013,-3.267436,22.0,0.94,high
CD,168,1,1.8921709,0.9464286,0.74404764,1.8921709,1.0,0.48,low
CH,383,8,-3.0026412,0.383812,0.89033943,-3.0026412,7.0,0.97,high
CM,409,3,1.7288196,0.96821517,0.7652812,2.018942,3.0,0.59,low
CN,17606,201,-2.3517873,0.64943767,0.9645007,-2.5270395,161.0,0.79,middle
CO,448,3,0.0,0.47544643,0.2857143,-0.010519998,2.0,0.76,middle
DE,3553,36,-2.950657,0.51336896,0.9757951,-2.924787,32.0,0.95,high
DK,4638,30,-1.3644519,0.54700303,0.9327296,-0.8053569,27.0,0.95,high
ES,3601,30,-0.40154257,0.6973063,0.9527909,-0.42509663,21.0,0.91,high
ET,137,4,1.5843312,0.8029197,0.35036495,1.9233402,2.0,0.49,low
FI,571,9,-3.1561248,0.43782836,0.9982487,-3.6052082,3.0,0.94,high
FJ,171,2,2.552303,1.0,0.56725144,2.785095,1.0,0.73,middle
FR,1394,18,-1.3383858,0.6147776,0.94476324,-1.5982764,12.0,0.91,high
GB,15926,32,-3.506153,0.45209092,0.9823559,-2.8167853,25.0,0.94,high
GH,239,2,1.8474091,0.9790795,0.8033473,1.6770422,2.0,0.6,low
GW,269,1,1.9801668,0.8921933,0.28624535,1.9801668,1.0,0.48,low
HK,6999,26,-3.81484,0.43134734,0.987141,-3.6763344,23.0,0.96,high
HN,155,1,0.0,0.032258064,0.090322584,0.0,1.0,0.62,low
HT,329,3,0.08400139,0.66565347,0.6048632,0.7529441,2.0,0.55,low
HU,317,5,-1.8001236,0.4858044,0.8548896,-1.3798686,3.0,0.85,high
IE,2875,17,-2.3643963,0.47895652,0.9293913,-3.4230819,15.0,0.95,high
IL,1510,10,-0.9543643,0.5980132,0.93509936,-1.5096033,10.0,0.92,high
IN,910,17,0.0,0.6043956,0.5846154,0.3276897,13.0,0.64,low
IT,3132,37,-2.024074,0.5207535,0.9307152,-1.9900938,27.0,0.91,high
JP,2280,28,-3.136427,0.4114035,0.95219296,-3.5773492,20.0,0.92,high
KE,233,2,1.5150393,0.944206,0.87982833,1.4855217,1.0,0.6,low
KR,752,16,-0.6630527,0.63164896,0.9148936,-0.7467072,11.0,0.93,high
KZ,106,3,-0.3503878,0.7358491,0.990566,-0.38763,3.0,0.8,high
LU,193,4,-1.1147326,0.68393785,0.9896373,-2.2481134,2.0,0.93,high
MG,96,1,2.7262967,0.9895833,0.45833334,2.7262967,1.0,0.49,low
ML,231,3,1.1074439,0.9047619,0.76623374,1.0642655,3.0,0.41,low
MX,371,11,0.49024642,0.8355795,0.5902965,0.27791244,6.0,0.78,middle
MY,1179,6,0.28924245,0.79389316,0.8549618,0.08301005,6.0,0.81,high
NE,602,1,2.143331,0.96843857,0.4651163,2.143331,1.0,0.39,low
NL,4017,27,-1.2684959,0.5678367,0.94871795,-0.99190503,25.0,0.95,high
NO,640,6,-2.5695066,0.5859375,0.9953125,-2.9091783,4.0,0.97,high
NZ,1379,9,-1.4211228,0.53807104,0.96519214,-2.4493167,9.0,0.94,high
PE,670,2,-2.6885238,0.20895523,0.7477612,0.15907633,2.0,0.76,middle
PL,1573,8,-0.8552258,0.49713922,0.7895741,-0.84328175,8.0,0.88,high
RO,75,1,-0.3514873,0.7733333,0.96,-0.3514873,1.0,0.83,high
RS,100,2,-2.2148204,0.67,0.98,-3.036454,2.0,0.81,high
RU,286,14,-0.50779206,0.7132867,0.95804197,-1.1397946,5.0,0.82,high
SA,186,2,-1.3587592,0.53763443,0.9677419,-1.4809319,2.0,0.88,high
SE,9803,23,-2.139127,0.5382026,0.9919412,-1.9926083,16.0,0.95,high
SG,1321,5,-4.217002,0.40953824,0.998486,-4.017588,5.0,0.95,high
TR,59,2,0.0,0.2881356,0.5762712,0.0,1.0,0.85,high
TZ,583,4,1.9497749,0.9382504,0.7186964,2.2914398,3.0,0.53,low
UG,309,4,0.0,0.58576053,0.5080906,0.4550248,4.0,0.55,low
US,55376,272,-3.668386,0.3201748,0.8980966,-3.3656836,227.0,0.93,high
VE,177,2,2.1105092,1.0,0.5536723,2.103526,1.0,0.7,middle
ZA,1004,3,0.7582995,0.91533864,0.9243028,0.7964551,2.0,0.72,middle
ZW,68,1,1.4896091,1.0,1.0,1.4896091,1.0,0.55,low
