genus,n_low_studies,n_high_studies,median_low,median_high,delta_log10,p,frac_low_studies_higher,q,direction
Alitiscatomonas,42,569,-5.0,-4.582523207231001,-0.41747679276899863,1.2027449412303706e-22,0.016403046280023433,3.4037681836819487e-20,BloSSUM (higher in high-HDI)
Acutalibacter,42,569,-5.0,-4.520123868375211,-0.47987613162478926,9.156199921224028e-22,0.035442296426479204,1.2956022888532e-19,BloSSUM (higher in high-HDI)
Clostridium_A,42,569,-5.0,-4.574814500479863,-0.4251854995201372,1.7587428167808374e-21,0.04230479538036656,1.6590807238299233e-19,BloSSUM (higher in high-HDI)
Fimivicinus,42,569,-5.0,-4.779636120577471,-0.22036387942252933,4.541564961319486e-21,0.017030713867269228,3.213157210133536e-19,BloSSUM (higher in high-HDI)
Eisenbergiella,42,569,-5.0,-4.650097132515986,-0.34990286748401367,1.1271349660746127e-20,0.04510837727006444,6.379583907982308e-19,BloSSUM (higher in high-HDI)
Ruthenibacterium,42,569,-4.895340863115647,-3.7758068207355118,-1.1195340423801357,6.952078043993611e-20,0.07628253410327224,3.2790634774169864e-18,BloSSUM (higher in high-HDI)
Fimisoma,42,569,-5.0,-4.741195733206613,-0.258804266793387,1.2837572725407074e-19,0.04803749267721148,5.190047258986003e-18,BloSSUM (higher in high-HDI)
Frisingicoccus,42,569,-5.0,-4.85439208313659,-0.14560791686341013,2.677860112382785e-19,0.023140011716461628,9.472930147554102e-18,BloSSUM (higher in high-HDI)
Scatomorpha,42,569,-5.0,-4.726628248604181,-0.2733717513958194,1.4312079246293447e-18,0.05858230814294083,4.500353807445606e-17,BloSSUM (higher in high-HDI)
Bacteroides,42,569,-3.2339030021764406,-1.52425734576057,-1.7096456564158706,5.049922926180451e-18,0.1002594359360616,1.4291281881090677e-16,BloSSUM (higher in high-HDI)
Phascolarctobacterium,42,569,-4.916851395353637,-4.244791704623854,-0.6720596907297836,8.288390900382908e-18,0.09695371997656707,2.1323769316439664e-16,BloSSUM (higher in high-HDI)
Anaeromassilibacillus,42,569,-5.0,-4.824429279718643,-0.17557072028135678,9.748620633752515e-18,0.04510837727006444,2.299049699459968e-16,BloSSUM (higher in high-HDI)
Adlercreutzia,42,569,-4.996590347210896,-4.334987575724973,-0.6616027714859225,1.2568713693914597e-17,0.08816637375512595,2.7361122887521776e-16,BloSSUM (higher in high-HDI)
Alistipes,42,569,-4.052586074205998,-2.1894573974609375,-1.86312867674506,1.4696273048700122e-17,0.10557368817474265,2.838903313710484e-16,BloSSUM (higher in high-HDI)
Phocaeicola,42,569,-3.4230561786227756,-1.7930034119405864,-1.6300527666821891,1.5047190708712813e-17,0.10607582224453929,2.838903313710484e-16,BloSSUM (higher in high-HDI)
Anaerotruncus,42,569,-5.0,-4.724713369029192,-0.2752866309708084,3.143747091961572e-17,0.07506904343459704,5.407785892025147e-16,BloSSUM (higher in high-HDI)
UBA10281,42,569,-4.200656200357701,-4.96916860800523,0.7685124076475294,3.24849329202924e-17,0.8648004017072558,5.407785892025147e-16,VANISH (higher in low-HDI)
Parasutterella,42,569,-4.939894692974557,-4.340095825195313,-0.5997988677792438,3.918093253410219e-17,0.10523893212821156,6.160113281750511e-16,BloSSUM (higher in high-HDI)
Anaerotignum,42,569,-5.0,-4.845305034092495,-0.1546949659075052,6.9125100845351e-17,0.06456607247468407,9.835010753777712e-16,BloSSUM (higher in high-HDI)
Alloprevotella,42,569,-3.2919209890122314,-4.813864086613511,1.5219430976012793,6.950537635178595e-17,0.8800736463302369,9.835010753777712e-16,VANISH (higher in low-HDI)
Enterocloster,42,569,-4.5322332836332775,-3.058612060546875,-1.4736212230864023,8.910818258576855e-17,0.11536530253577705,1.200838841512976e-15,BloSSUM (higher in high-HDI)
Monoglobus,42,569,-5.0,-4.852690707936007,-0.14730929206399335,9.971450991125846e-17,0.052556699305381205,1.2826911956766428e-15,BloSSUM (higher in high-HDI)
Negativibacillus,42,569,-5.0,-4.432700510775105,-0.5672994892248946,1.2857844796102995e-16,0.10130554858147126,1.5820739466509338e-15,BloSSUM (higher in high-HDI)
Longicatena,42,569,-5.0,-4.913913462166052,-0.08608653783394793,1.5461725168028784e-16,0.025692526571261195,1.823195092730061e-15,BloSSUM (higher in high-HDI)
Prevotella,42,569,-1.3278204372950961,-3.530972423169437,2.203151985874341,2.0944123394139933e-16,0.8794878232488075,2.3708747682166404e-15,VANISH (higher in low-HDI)
Sellimonas,42,569,-5.0,-4.756769516888787,-0.24323048311121287,3.2380870233353005e-16,0.07883504895807181,3.4511151126375336e-15,BloSSUM (higher in high-HDI)
Flavonifractor,42,569,-4.92640236162004,-3.929254951206505,-0.9971474104135352,3.2925833230110746e-16,0.11954975311741568,3.4511151126375336e-15,BloSSUM (higher in high-HDI)
UMGS1975,42,569,-5.0,-4.826135569605334,-0.1738644303946657,4.423021805186861e-16,0.0748598209055151,4.470411324528149e-15,BloSSUM (higher in high-HDI)
Intestinimonas,42,569,-4.974633675566467,-4.630639035936812,-0.3439946396296545,5.691512286025956e-16,0.11013473930872876,5.55413095498395e-15,BloSSUM (higher in high-HDI)
Senimuribacter,42,569,-5.0,-4.920554650796427,-0.07944534920357338,8.359119053570654e-16,0.026780483722487237,7.885435640534985e-15,BloSSUM (higher in high-HDI)
Pullichristensenella,42,569,-5.0,-4.8383029869624545,-0.16169701303754547,1.2128165521241763e-15,0.06833207799815884,1.107184142745619e-14,BloSSUM (higher in high-HDI)
Merdibacter,42,569,-5.0,-4.844979604085286,-0.15502039591471384,2.2136144244863664e-15,0.0730605071554105,1.9576652566551304e-14,BloSSUM (higher in high-HDI)
Clostridium_AP,42,569,-5.0,-4.834270858764649,-0.1657291412353512,4.8263435825585335e-15,0.10101263704075655,4.1389552541335304e-14,BloSSUM (higher in high-HDI)
Akkermansia,42,569,-4.655826440423745,-3.8038881409843013,-0.8519382994394435,5.065050216592189e-15,0.1377939576533601,4.2159094449870284e-14,BloSSUM (higher in high-HDI)
Hominilimicola,42,569,-4.801383073594835,-3.7965585435472766,-1.004824530047558,5.3787940154155175e-15,0.13683153401958323,4.349139161035975e-14,BloSSUM (higher in high-HDI)
Avimicrobium,42,569,-5.0,-4.6249138687264955,-0.37508613127350454,1.42172680946603e-14,0.1164532596870031,1.1176352418857958e-13,BloSSUM (higher in high-HDI)
Barnesiella,42,569,-4.848386549330377,-4.038690512520926,-0.8096960368094512,1.9168652758130486e-14,0.14381956649091973,1.4661429001488992e-13,BloSSUM (higher in high-HDI)
UMGS1623,42,569,-5.0,-4.866355986361173,-0.13364401363882727,3.8513724584290595e-14,0.08368901163277262,2.8682589624616417e-13,BloSSUM (higher in high-HDI)
CAG-314,42,569,-5.0,-4.888554334640503,-0.11144566535949707,5.78342934966623e-14,0.051594275671604316,4.1966936050142133e-13,BloSSUM (higher in high-HDI)
Egerieisoma,42,569,-5.0,-4.94549543207342,-0.054504567926580094,7.753093650453999e-14,0.03552598543811197,5.485313757696204e-13,BloSSUM (higher in high-HDI)
Alistipes_A,42,569,-4.845406306849715,-4.130802414634011,-0.7146038922157043,9.125035114968435e-14,0.152188467654197,6.298499847648944e-13,BloSSUM (higher in high-HDI)
Bilophila,42,569,-4.756011066443161,-3.8490076267972904,-0.9070034396458708,1.093969372729119e-13,0.1524813791949117,7.127234378217906e-13,BloSSUM (higher in high-HDI)
Avimonas_A,42,569,-5.0,-4.9472382465998335,-0.05276175340016653,1.1006532174785115e-13,0.021591765001255335,7.127234378217906e-13,BloSSUM (higher in high-HDI)
Woodwardiibium,42,569,-5.0,-4.898007925454673,-0.10199207454532733,1.1081212460833494e-13,0.06640723073060507,7.127234378217906e-13,BloSSUM (higher in high-HDI)
CAG-488,42,569,-4.580281561843627,-4.9621179141695535,0.3818363523259265,1.6103694591018905e-13,0.8040003347560465,9.938337285175683e-13,VANISH (higher in low-HDI)
UMGS1071,42,569,-4.962047065767923,-4.4871574401855465,-0.47488962558237624,1.6154187813359769e-13,0.1472926604736798,9.938337285175683e-13,BloSSUM (higher in high-HDI)
Coprobacter,42,569,-5.0,-4.797903560699626,-0.2020964393003739,2.2181897117241467e-13,0.11231065361118085,1.3356333796126244e-12,BloSSUM (higher in high-HDI)
Catenibacterium,42,569,-3.7850454420178803,-4.761895860944476,0.9768504189265954,2.607519282849061e-13,0.8359695371997656,1.537349910513092e-12,VANISH (higher in low-HDI)
Alangreenwoodia,42,569,-5.0,-4.878561540083452,-0.12143845991654789,2.666675244495712e-13,0.06854130052724078,1.5401410085556867e-12,BloSSUM (higher in high-HDI)
Otoolea,42,569,-4.635798123013959,-3.479461669921875,-1.1563364530920843,3.1960658267389437e-13,0.16277512762574273,1.808973257934242e-12,BloSSUM (higher in high-HDI)
CAG-274,42,569,-5.0,-4.794483643543871,-0.20551635645612887,3.4379615552577143e-13,0.12980165704243032,1.9077316081135942e-12,BloSSUM (higher in high-HDI)
Lawsonibacter_A,42,569,-5.0,-4.927179087292064,-0.072820912707936,3.8127023615358214e-13,0.06594694116662482,2.0749899390666104e-12,BloSSUM (higher in high-HDI)
Hominibacterium,42,569,-5.0,-4.9315552200589865,-0.0684447799410135,1.0532277144294875e-12,0.06239015817223199,5.623838550632924e-12,BloSSUM (higher in high-HDI)
Holdemania,42,569,-4.9976616083833685,-4.775826956096449,-0.2218346522869199,1.093240293378825e-12,0.13507406477529502,5.729388944929768e-12,BloSSUM (higher in high-HDI)
Cryptobacteroides,42,569,-3.9207345320253957,-4.839701502831945,0.9189669708065491,1.2205311882429228e-12,0.8200267804837225,6.2314385811584565e-12,VANISH (higher in low-HDI)
UBA3818,42,569,-5.0,-4.770786151080064,-0.2292138489199358,1.2330761856709313e-12,0.11590928111139008,6.2314385811584565e-12,BloSSUM (higher in high-HDI)
Tidjanibacter,42,569,-5.0,-4.806455523655887,-0.19354447634411276,1.2680714161813682e-12,0.1256172064607917,6.29586334700574e-12,BloSSUM (higher in high-HDI)
Parabacteroides,42,569,-3.8765431573815214,-2.587461471557617,-1.2890816858239043,2.0394722950071957e-12,0.17503556782994392,9.951218267017869e-12,BloSSUM (higher in high-HDI)
Pelethomonas,42,569,-5.0,-4.938770827426706,-0.0612291725732943,2.5893173413935014e-12,0.06808101096326052,1.2419945891768828e-11,BloSSUM (higher in high-HDI)
CAKTXU01,42,569,-5.0,-4.903520460609052,-0.09647953939094833,2.7693112549521073e-12,0.09281111390074483,1.306191808585744e-11,BloSSUM (higher in high-HDI)
Bulleidia,42,569,-4.525838833968743,-4.939514935445443,0.41367610147669964,7.298255874336539e-12,0.8042932462967612,3.357695100500142e-11,VANISH (higher in low-HDI)
Caccoplasma,42,569,-5.0,-4.909200378492767,-0.09079962150723286,7.523164721604885e-12,0.07875135994643903,3.357695100500142e-11,BloSSUM (higher in high-HDI)
Hominenteromicrobium,42,569,-4.7159621602012995,-3.8399100303649902,-0.8760521298363093,7.582444920006175e-12,0.18193991128964768,3.357695100500142e-11,BloSSUM (higher in high-HDI)
Acidaminococcus,42,569,-4.979397451519098,-4.694585084915161,-0.28481236660393705,7.593374078869578e-12,0.16788015733534187,3.357695100500142e-11,BloSSUM (higher in high-HDI)
Pseudoscillospira,42,569,-5.0,-4.8270471572875975,-0.17295284271240252,1.1147123954814308e-11,0.138756381287137,4.85328627571146e-11,BloSSUM (higher in high-HDI)
Pseudoflavonifractor,42,569,-5.0,-4.944588271664902,-0.05541172833509833,1.1332169159792215e-11,0.08891957485982091,4.859096776092723e-11,BloSSUM (higher in high-HDI)
Paraprevotella,42,569,-4.913728187851986,-4.510037935697115,-0.4036902521548713,1.1915140511171714e-11,0.1770022596033141,5.032813081584471e-11,BloSSUM (higher in high-HDI)
Scatacola_A,42,569,-5.0,-4.879776888880237,-0.12022311111976336,1.4143492618962442e-11,0.10507155410494602,5.861466196100295e-11,BloSSUM (higher in high-HDI)
UMGS856,42,569,-5.0,-4.847404423881979,-0.15259557611802066,1.4410445265282159e-11,0.13310737300192485,5.861466196100295e-11,BloSSUM (higher in high-HDI)
Faecalicatena,42,569,-5.0,-4.944790032174852,-0.05520996782514764,1.449832628010674e-11,0.07532011046949535,5.861466196100295e-11,BloSSUM (higher in high-HDI)
Pygmaiobacter,42,569,-5.0,-4.961712418375789,-0.03828758162421142,1.9552005857171322e-11,0.05636454933467236,7.793264306449977e-11,BloSSUM (higher in high-HDI)
Pseudobutyricicoccus,42,569,-5.0,-4.8756650214971495,-0.12433497850285047,3.589766899672969e-11,0.1271236086701816,1.410977823065903e-10,BloSSUM (higher in high-HDI)
Lawsonibacter,42,569,-4.318997575099172,-3.2621280574456764,-1.056869517653496,6.417425721395217e-11,0.1965854883253829,2.4878513413080085e-10,BloSSUM (higher in high-HDI)
Faecalimonas,42,569,-4.914717895644052,-4.6176395849748095,-0.2970783106692423,7.927679707180448e-11,0.1952883086450749,3.031801833962252e-10,BloSSUM (higher in high-HDI)
Limisoma,42,569,-4.036069167554661,-4.825528449521266,0.7894592819666046,8.858191901883028e-11,0.7906100928948029,3.3424910776438627e-10,VANISH (higher in low-HDI)
Maccoyibacter,42,569,-4.970799133282941,-4.553877188234913,-0.4169219450480277,9.554886049427798e-11,0.18754707506904345,3.557937831563246e-10,BloSSUM (higher in high-HDI)
Fusicatenibacter,42,569,-4.267086097172328,-2.7837375772410424,-1.4833485199312855,1.2656263830822206e-10,0.20219265210477863,4.651587875484005e-10,BloSSUM (higher in high-HDI)
CAG-267,42,569,-5.0,-4.924831747039547,-0.07516825296045315,1.3443077946961405e-10,0.08419114570256925,4.864614046626102e-10,BloSSUM (higher in high-HDI)
Eggerthella,42,569,-4.935821277399858,-4.472437515258789,-0.4633837621410697,1.357966465312587e-10,0.1934889948949703,4.864614046626102e-10,BloSSUM (higher in high-HDI)
Eshraghiella,42,569,-4.431314526411592,-4.898692625410416,0.4673780989988243,1.3956484726813855e-10,0.7711523976901833,4.937106472110402e-10,VANISH (higher in low-HDI)
Lacticaseibacillus,42,569,-5.0,-4.934939123398765,-0.06506087660123505,1.5541803177170732e-10,0.11737383881496359,5.386234833411037e-10,BloSSUM (higher in high-HDI)
Porcipelethomonas,42,569,-4.96752439733169,-4.750752320160737,-0.21677207717095293,1.5606758174547882e-10,0.1854966942840405,5.386234833411037e-10,BloSSUM (higher in high-HDI)
Merdicola,42,569,-4.998342495622033,-4.814821779405748,-0.18352071621628507,1.6594140186248892e-10,0.16323541718972298,5.65800201531137e-10,BloSSUM (higher in high-HDI)
Hominimerdicola,42,569,-4.552559640181899,-3.8040663401285806,-0.7484933000533185,1.9554466638308336e-10,0.20470332245376183,6.58799292695388e-10,BloSSUM (higher in high-HDI)
Gordonibacter,42,569,-5.0,-4.803859495347546,-0.1961405046524538,2.024363330313833e-10,0.16018076826512678,6.739939087986057e-10,BloSSUM (higher in high-HDI)
Anaerostipes,42,569,-4.180242625716465,-2.8516387939453125,-1.3286038317711526,2.1636711719698157e-10,0.20646079169805004,7.11998769380765e-10,BloSSUM (higher in high-HDI)
Eubacterium_U,42,569,-5.0,-4.860470920527747,-0.13952907947225324,2.92766636614188e-10,0.15043099840990878,9.523328524346575e-10,BloSSUM (higher in high-HDI)
Borkfalkia,42,569,-5.0,-4.896620888995309,-0.1033791110046911,2.978123001485293e-10,0.12850447736212237,9.577372834322022e-10,BloSSUM (higher in high-HDI)
Onthocola_B,42,569,-4.623360634200621,-4.915486266215642,0.2921256320150212,3.394489070411879e-10,0.7773035400451921,1.0793712437377098e-09,VANISH (higher in low-HDI)
Clostridium_AQ,42,569,-4.980817138666199,-4.756277876080207,-0.22453926258599122,4.087941816277948e-10,0.19039250146455772,1.2854305933407326e-09,BloSSUM (higher in high-HDI)
UBA1685,42,569,-5.0,-4.952180018533275,-0.04781998146672528,5.064690110492172e-10,0.08724579462716546,1.5750629684277854e-09,BloSSUM (higher in high-HDI)
Mediterraneibacter,42,569,-2.9976827171338636,-2.345659458890874,-0.6520232582429895,5.430999321942062e-10,0.21319775713448824,1.6706226175104387e-09,BloSSUM (higher in high-HDI)
Eubacterium_G,42,569,-4.783342863788535,-4.044027709960938,-0.7393151538275973,8.710057646972945e-10,0.2129466900995899,2.650479907627251e-09,BloSSUM (higher in high-HDI)
Stercorousia,42,569,-4.678224969184262,-4.926874219029663,0.2486492498454007,2.1297707064966732e-09,0.7515273244622981,6.381416946745936e-09,VANISH (higher in low-HDI)
CAG-433,42,569,-4.662927207055983,-4.951146924165869,0.2882197171098859,2.142171766575491e-09,0.7479286969620889,6.381416946745936e-09,VANISH (higher in low-HDI)
Holdemanella,42,569,-3.508330593938413,-4.4273817879813055,0.9190511940428925,3.0610864638351247e-09,0.7733283119926354,9.023827804847295e-09,VANISH (higher in low-HDI)
Scatocola,42,569,-5.0,-4.87312411178242,-0.12687588821757956,4.495859609652986e-09,0.17101849527157084,1.3116786283832938e-08,BloSSUM (higher in high-HDI)
QAMH01,42,569,-5.0,-4.926721291369702,-0.07327870863029773,5.1618833037171265e-09,0.1436103439618378,1.4906254846448438e-08,BloSSUM (higher in high-HDI)
Odoribacter,42,569,-4.682199979614426,-3.8804604176724893,-0.8017395619419365,5.728570233826665e-09,0.2289312913214495,1.637560986033279e-08,BloSSUM (higher in high-HDI)
Christensenella,42,569,-5.0,-4.951616533871355,-0.0483834661286453,5.877198310711471e-09,0.12398527073395263,1.6632471219313464e-08,BloSSUM (higher in high-HDI)
UBA7185,42,569,-5.0,-4.965443887443186,-0.0345561125568139,6.895025682896499e-09,0.10595028872709013,1.931972542831395e-08,BloSSUM (higher in high-HDI)
Hungatella,42,569,-4.967998993323939,-4.8142717202504475,-0.15372727307349177,1.4082023497962021e-08,0.21813540882082183,3.907071225414953e-08,BloSSUM (higher in high-HDI)
Ligilactobacillus,42,569,-4.517719925017584,-4.874188593455723,0.35646866843813907,1.6328529118768573e-08,0.7527826596367897,4.458254739588866e-08,VANISH (higher in low-HDI)
Dorea_D,42,569,-4.890720401054773,-4.492307101978975,-0.3984132990757985,1.638369232923117e-08,0.23332496443217005,4.458254739588866e-08,BloSSUM (higher in high-HDI)
Ruminococcus,42,569,-4.7772809498476025,-4.9724697737858214,0.1951888239382189,2.256917817224612e-08,0.7080090384132564,6.082930878805383e-08,VANISH (higher in low-HDI)
QANA01,42,569,-4.9881779029469975,-4.838157326366768,-0.15002057658022938,3.266372576995089e-08,0.20340614277345384,8.720598483864248e-08,BloSSUM (higher in high-HDI)
Fusicatenibacter_A,42,569,-5.0,-4.923294633010338,-0.07670536698966224,3.5844700601179674e-08,0.1460791698050046,9.480420813209204e-08,BloSSUM (higher in high-HDI)
Mesosutterella,42,569,-5.0,-4.909207416486137,-0.09079258351386343,4.6617282521956794e-08,0.18386475855720144,1.221545458677201e-07,BloSSUM (higher in high-HDI)
Butyricimonas,42,569,-4.830149039389595,-4.343371742650082,-0.486777296739513,4.7305742961465766e-08,0.24361871286300107,1.2282133264307167e-07,BloSSUM (higher in high-HDI)
Paratractidigestivibacter,42,569,-4.664976407691274,-4.927166068553925,0.26218966086265105,5.4263592828364134e-08,0.732990208385639,1.3960542518570045e-07,VANISH (higher in low-HDI)
Paludihabitans,42,569,-5.0,-4.963161447773809,-0.03683855222619137,6.664392877809208e-08,0.14528412419449327,1.6991199859639692e-07,BloSSUM (higher in high-HDI)
Thomasclavelia,42,569,-4.9024117305165245,-4.493032282049006,-0.4093794484675186,8.724883225712097e-08,0.24859820905515106,2.204591029354039e-07,BloSSUM (higher in high-HDI)
Enterenecus,42,569,-4.970134299628588,-4.802046578585957,-0.1680877210426317,1.3652537357143039e-07,0.2292660473679806,3.419175285019009e-07,BloSSUM (higher in high-HDI)
Blautia,42,569,-4.8131594997673215,-4.349371995754584,-0.4637875040127373,5.138614691646109e-07,0.2658381454515022,1.2756385594174112e-06,BloSSUM (higher in high-HDI)
Limivicinus,42,569,-4.336434515404614,-4.772620453231636,0.4361859378270223,6.529851342465978e-07,0.7213992802745,1.606911243406845e-06,VANISH (higher in low-HDI)
Hominisplanchenecus,42,569,-4.763280446122007,-4.23407475789388,-0.5292056882281271,7.211125653361629e-07,0.2676793037074232,1.7592659999149494e-06,BloSSUM (higher in high-HDI)
QAKD01,42,569,-5.0,-4.966952745403562,-0.03304725459643798,1.2277016218104502e-06,0.15787932044522554,2.9695688801056188e-06,BloSSUM (higher in high-HDI)
Evtepia,42,569,-4.585268568950566,-3.763418772863963,-0.8218497960866027,1.4460417814219228e-06,0.2755042262950875,3.468049357139018e-06,BloSSUM (higher in high-HDI)
Eubacterium_R,42,569,-3.6007637468701432,-4.188791910807292,0.5880281639371487,1.6161109913675007e-06,0.721190057745418,3.843356391235317e-06,VANISH (higher in low-HDI)
CAJFUR01,42,569,-5.0,-4.933085263785669,-0.06691473621433097,1.7318741813298161e-06,0.186961251987614,4.084336610969483e-06,BloSSUM (higher in high-HDI)
Hominifimenecus,42,569,-5.0,-4.961687653751697,-0.038312346248303264,2.2813970788713408e-06,0.14733450497949618,5.33582953157512e-06,BloSSUM (higher in high-HDI)
SFJ001,42,569,-4.814227066541973,-4.963816063313544,0.14958899677157156,2.4767737790006713e-06,0.6786341953301531,5.745303110304836e-06,VANISH (higher in low-HDI)
Suilimivivens,42,569,-4.466363222979895,-4.780153743556289,0.31379052057639356,2.5698827975044995e-06,0.7115239769018328,5.912819769868076e-06,VANISH (higher in low-HDI)
UBA737,42,569,-4.517551182185189,-4.808779100092446,0.291227917907257,5.56216550819041e-06,0.7004770273663068,1.2694297087241017e-05,VANISH (higher in low-HDI)
Scatomonas,42,569,-5.0,-4.951899222323769,-0.04810077767623078,5.744431262341079e-06,0.18604067285965353,1.3005392377940201e-05,BloSSUM (higher in high-HDI)
Enterobacter,42,569,-4.709109027006872,-4.900942143031529,0.19183311602465736,5.887454309725453e-06,0.7049125449828437,1.3223409282954789e-05,VANISH (higher in low-HDI)
Huintestinicola,42,569,-4.768827548904511,-4.943684712052345,0.17485716314783417,7.357955336201895e-06,0.6699723826261612,1.6396073701930206e-05,VANISH (higher in low-HDI)
Mailhella,42,569,-4.994651119895433,-4.882070771579085,-0.11258034831634856,8.363566846347843e-06,0.23817892710687086,1.8491323574347183e-05,BloSSUM (higher in high-HDI)
Eubacterium_I,42,569,-4.757284112279397,-4.218033563523066,-0.539250548756331,8.846109070193537e-06,0.2924094066449075,1.9377353497799677e-05,BloSSUM (higher in high-HDI)
Gallintestinimicrobium,42,569,-4.631974562048325,-4.02764892578125,-0.6043256362670748,8.901257790508687e-06,0.29320445225541886,1.9377353497799677e-05,BloSSUM (higher in high-HDI)
Merdimorpha,42,569,-5.0,-4.9420405926691755,-0.0579594073308245,1.3021040306214439e-05,0.2077998158841744,2.8129422951593028e-05,BloSSUM (higher in high-HDI)
UMGS902,42,569,-4.858921258266156,-4.971449988228934,0.1125287299627784,1.3646758710991897e-05,0.6512678885262365,2.9257823600081114e-05,VANISH (higher in low-HDI)
Butyribacter,42,569,-4.789180692361326,-4.26158703984441,-0.5275936525169156,1.4333536197947323e-05,0.29663570173236253,3.049917852645934e-05,BloSSUM (higher in high-HDI)
CAG-349,42,569,-4.759677189007368,-4.9184138338330765,0.1587366448257086,1.6016604674716497e-05,0.6727341200100427,3.382611285779679e-05,VANISH (higher in low-HDI)
UMGS1865,42,569,-4.906387009414127,-4.9900408281398665,0.08365381872573963,1.7158348504205987e-05,0.6275838982341618,3.571037187649715e-05,VANISH (higher in low-HDI)
Blautia_A,42,569,-2.371391669563625,-1.8181842212945643,-0.5532074482690608,1.7161168110260112e-05,0.3012804418779814,3.571037187649715e-05,BloSSUM (higher in high-HDI)
CAG-628,42,569,-4.85096239674506,-4.971204848771684,0.12024245202662431,2.312761143190888e-05,0.647208971462047,4.777455500168038e-05,VANISH (higher in low-HDI)
UBA6398,42,569,-4.74216603079995,-4.921346215640797,0.1791801848408472,2.6855528084739392e-05,0.673529165620554,5.507329310131339e-05,VANISH (higher in low-HDI)
Oscillibacter,42,569,-3.6162936445330085,-2.7897479717548075,-0.826545672778201,2.882504903713127e-05,0.3064691605992133,5.8686970341785255e-05,BloSSUM (higher in high-HDI)
CAMEON01,42,569,-4.75764181207402,-4.947613159815471,0.18997134774145064,4.091398395074767e-05,0.6427316093396936,8.270469612901135e-05,VANISH (higher in low-HDI)
SFMI01,42,569,-4.817725393101224,-4.962539227282415,0.14481383418119087,4.15286475005725e-05,0.6477947945434764,8.335182441604267e-05,VANISH (higher in low-HDI)
Escherichia,42,569,-3.6067999262122354,-3.966493636842758,0.35969371063052247,4.327514090727085e-05,0.6889279437609842,8.624552730111022e-05,VANISH (higher in low-HDI)
CAG-492,42,569,-4.717054018745213,-4.910477291453969,0.19342327270875614,6.404071491826519e-05,0.6620219265210477,0.00012673791833474858,VANISH (higher in low-HDI)
Bifidobacterium,42,569,-3.142779179070712,-2.5176128286176023,-0.6251663504531098,6.797199525609084e-05,0.3157586408904511,0.00013358385178801187,BloSSUM (higher in high-HDI)
Anaerobutyricum,42,569,-3.9001102740497267,-3.110072108677455,-0.7900381653722715,7.006397825708704e-05,0.3152146623148381,0.0001365712828461109,BloSSUM (higher in high-HDI)
Anaerotignum_A,42,569,-4.76675049247949,-4.465563762618835,-0.301186729860655,7.05380111068201e-05,0.3107791446983011,0.0001365712828461109,BloSSUM (higher in high-HDI)
Metalachnospira,42,569,-4.942307425167249,-4.81942534799059,-0.12288207717665944,7.093985363384558e-05,0.29604987865093313,0.0001365712828461109,BloSSUM (higher in high-HDI)
Eubacterium_F,42,569,-4.626754142202325,-4.070236885901725,-0.5565172563005998,7.272820386736467e-05,0.3138337936228973,0.00013906811955719054,BloSSUM (higher in high-HDI)
UMGS973,42,569,-4.859189493536728,-4.963882777270149,0.1046932837334209,8.956534373283675e-05,0.6379613356766256,0.0001701140421234416,VANISH (higher in low-HDI)
Claveliimonas,42,569,-4.860259772679197,-4.499574862028423,-0.36068491065077435,0.00014774910664097806,0.3181856222278015,0.00027875331452931196,BloSSUM (higher in high-HDI)
Faecousia,42,569,-3.6871397018191514,-4.17767824445452,0.49053854263536856,0.00018547494820274162,0.6705163612017742,0.0003476119890157343,VANISH (higher in low-HDI)
Dialister,42,569,-3.190718511525704,-3.654463175180796,0.4637446636550919,0.0002276504269579143,0.6701397606494267,0.00042384915019137996,VANISH (higher in low-HDI)
Duodenibacillus,42,569,-4.412847347589798,-4.7268697950575085,0.31402244746771046,0.00025482093461183606,0.6597623232069629,0.0004713354542166641,VANISH (higher in low-HDI)
CAG-882,42,569,-4.8239761893858075,-4.927651943699006,0.10367575431319853,0.0003338112951332122,0.6323123273914135,0.0006134324449525912,VANISH (higher in low-HDI)
ECMA0423,42,569,-4.632443238896588,-4.77853070365058,0.14608746475399226,0.00034514665076502716,0.6625659050966608,0.0006301709817193722,VANISH (higher in low-HDI)
Faecalibacillus,42,569,-4.399455879087622,-3.978679504394531,-0.4207763746930908,0.00041827684883037077,0.3345886685078249,0.0007587971039679162,BloSSUM (higher in high-HDI)
Butyricicoccus_A,42,569,-4.874329936146946,-4.958517302929516,0.08418736678256966,0.0004223893530141482,0.6184199514603732,0.0007613769866433373,VANISH (higher in low-HDI)
Klebsiella,42,569,-4.488097037124284,-4.761247905684106,0.2731508685598225,0.00044533257566244073,0.6570424303288979,0.0007976526513447514,VANISH (higher in low-HDI)
JAFUYI01,42,569,-4.993592320090512,-4.927537640954694,-0.06605467913581808,0.00045236505992996223,0.2665495020503808,0.0008051529054099329,BloSSUM (higher in high-HDI)
Fimenecus,42,569,-4.069127021691738,-4.39803941788212,0.3289123961903817,0.0004868246497709192,0.6602226127709432,0.0008610710992823134,VANISH (higher in low-HDI)
Apopatocola,42,569,-4.421583607894223,-4.708082165036883,0.2864985571426599,0.0005329361868097726,0.6507657544564399,0.0009367760302308426,VANISH (higher in low-HDI)
Agathobaculum,42,569,-4.009869789029215,-3.3187439128476877,-0.6911258761815278,0.0005772701732683825,0.34027952129885347,0.0010084411051540262,BloSSUM (higher in high-HDI)
SVMC01,42,569,-5.0,-4.932625222321294,-0.06737477767870637,0.000596711050640716,0.24834714202025274,0.0010360075296400161,BloSSUM (higher in high-HDI)
Limivivens,42,569,-4.80011336179617,-4.502415361075566,-0.2976980007206045,0.0008393166158832941,0.338061762490585,0.0014483329408230014,BloSSUM (higher in high-HDI)
Anaerotardibacter,42,569,-4.6400689356254805,-4.290996170043945,-0.34907276558153555,0.0011123754044773818,0.34454766089212485,0.001907892360406661,BloSSUM (higher in high-HDI)
Anthropogastromicrobium,42,569,-4.539797666866721,-3.9346234068578605,-0.6051742600088605,0.0012468416908156307,0.3484810444388652,0.002125639750004961,BloSSUM (higher in high-HDI)
Phascolarctobacterium_A,42,569,-4.391288555681713,-4.682558371096241,0.2912698154145277,0.001421161114776394,0.641685496694284,0.0024083149430043083,VANISH (higher in low-HDI)
COE1,42,569,-4.792226663076372,-4.874953137328293,0.08272647425192137,0.0014365604065767193,0.6354925098334588,0.002419920208697688,VANISH (higher in low-HDI)
Brotaphodocola,42,569,-4.73566045299653,-4.306368860705145,-0.4292915922913849,0.0016315656870934774,0.35094987028203195,0.002732148458268959,BloSSUM (higher in high-HDI)
CAG-103,42,569,-4.212070920216607,-3.7070286191742996,-0.5050423010423071,0.0016892362673536123,0.3534186961251988,0.0028120815509474844,BloSSUM (higher in high-HDI)
Allocoprococcus,42,569,-4.106107579501766,-3.6092483732435436,-0.49685920625822266,0.0021064582633205154,0.3569336346137752,0.0034861268334485723,BloSSUM (higher in high-HDI)
Angelakisella,42,569,-4.306796120866062,-4.607256901117019,0.30046078025095646,0.002952374869492421,0.6310988367227383,0.0048576865585253206,VANISH (higher in low-HDI)
CAG-302,42,569,-4.4505341151134585,-4.683501080768864,0.23296696565540564,0.004385308103992181,0.6281278768097749,0.007173654297282008,VANISH (higher in low-HDI)
UMGS1696,42,569,-4.809479919783831,-4.936224298477173,0.12674437869334199,0.004827608252948756,0.5948614946857478,0.007851799629795965,VANISH (higher in low-HDI)
DNVW01,42,569,-4.9229054277141895,-4.857995815766164,-0.06490961194802569,0.00510690477329781,0.35128462632856305,0.008258594576247317,BloSSUM (higher in high-HDI)
Spyradocola,42,569,-4.939553774927598,-4.844571882159398,-0.09498189276819957,0.005357003604805367,0.3409071888860993,0.008569235947551013,BloSSUM (higher in high-HDI)
Allisonella,42,569,-4.958259642234188,-4.902364308493478,-0.05589533374070932,0.005359557465429432,0.3406561218512009,0.008569235947551013,BloSSUM (higher in high-HDI)
Merdivicinus,42,569,-4.915253604142987,-4.967834431027609,0.052580826884621956,0.005746202798136257,0.5794627165453176,0.009135816808272813,VANISH (higher in low-HDI)
Veillonella,42,569,-4.2437443952567175,-4.51544910007053,0.27170470481381237,0.007858029878608008,0.6224788685245627,0.012423589137687522,VANISH (higher in low-HDI)
Senegalimassilia,42,569,-4.4954837925398525,-4.72986390356924,0.23438011102938727,0.008802067192760813,0.6123943426228137,0.013838805641951722,VANISH (higher in low-HDI)
Ruminiclostridium_E,42,569,-4.590519755314558,-4.226025178064754,-0.36449457724980405,0.0096906764720203,0.37932044522554187,0.015061171296410013,BloSSUM (higher in high-HDI)
Oliverpabstia,42,569,-4.245233402330689,-3.9852010863167897,-0.26003231601389887,0.009718284486447468,0.3788601556615616,0.015061171296410013,BloSSUM (higher in high-HDI)
CAG-269,42,569,-4.149748671149702,-4.3466081619262695,0.19685949077656772,0.009739202640434744,0.6180433509080258,0.015061171296410013,VANISH (higher in low-HDI)
Limiplasma,42,569,-4.7545751129879665,-4.58584577065927,-0.16872934232869685,0.010432982068583717,0.3756799732195163,0.016046380029397782,BloSSUM (higher in high-HDI)
CAG-273,42,569,-4.875228435445782,-4.752664947509766,-0.12256348793601646,0.010610291487854395,0.3735040589170642,0.016230878330069153,BloSSUM (higher in high-HDI)
CAG-177,42,569,-4.188239433562833,-4.37687483700839,0.18863540344555663,0.011327391676751869,0.615574525064859,0.01723468733613322,VANISH (higher in low-HDI)
Lachnospira,42,569,-3.403561823679394,-2.851174861826795,-0.5523869618525987,0.014010091478296271,0.3862247886852456,0.021202437905656926,BloSSUM (higher in high-HDI)
Faecimorpha,42,569,-4.983801804632596,-4.9494905812399725,-0.03431122339262327,0.015987083622192033,0.31806008871035235,0.02399773858662853,BloSSUM (higher in high-HDI)
Flemingiibacterium,42,569,-4.890024183160168,-4.953410454206569,0.06338627104640082,0.016026758278702445,0.5705079923006109,0.02399773858662853,VANISH (higher in low-HDI)
Sutterella,42,569,-4.40853520682581,-4.0911885897318525,-0.31734661709395784,0.01612881556742877,0.38601556615616367,0.02402344634517022,BloSSUM (higher in high-HDI)
Enterococcus_B,42,569,-4.802486383450789,-4.911241317617482,0.10875493416669268,0.019503651754222136,0.5919742237844171,0.028898080871439084,VANISH (higher in low-HDI)
UBA7173,42,569,-5.0,-4.9481194902797645,-0.0518805097202355,0.020083420091399445,0.267762992719056,0.029602124405552304,BloSSUM (higher in high-HDI)
Mogibacterium_A,42,569,-4.878075287213013,-4.9421743940013325,0.0640991067883192,0.020405981517602017,0.5549836806427316,0.029921724194203997,VANISH (higher in low-HDI)
CAG-303,42,569,-5.0,-4.972099684138986,-0.027900315861013603,0.020634560620728555,0.29851870449409995,0.030100931214774126,BloSSUM (higher in high-HDI)
Clostridium,42,569,-4.065873939590645,-4.40508882329705,0.33921488370640507,0.023229467320572468,0.6036488409071888,0.03371250898318979,VANISH (higher in low-HDI)
CAG-194,42,569,-4.7995322580302595,-4.863422498470399,0.06389024044013958,0.023495331164082714,0.5859904594526739,0.03392438122160923,VANISH (higher in low-HDI)
Phil1,42,569,-4.759124253695701,-4.835661376731983,0.07653712303628257,0.024139931310028492,0.5925600468658465,0.034678175435218596,VANISH (higher in low-HDI)
Choladousia,42,569,-4.783402244037486,-4.522330003626206,-0.26107224041127974,0.026135110733163415,0.3890702150807599,0.037354728977198215,BloSSUM (higher in high-HDI)
Coprococcus_C,42,569,-4.441572122198701,-4.5715414394031875,0.12996931720448668,0.02881817471846978,0.5968700309649343,0.040982630378527375,VANISH (higher in low-HDI)
Streptococcus,42,569,-3.438005135832963,-3.0810083459924766,-0.35699678984048644,0.02933810031384772,0.3993221190057745,0.041513411944094525,BloSSUM (higher in high-HDI)
Ellagibacter,42,569,-4.792526857320206,-4.8775296822572365,0.08500282493703093,0.03027163764766442,0.5803414511674617,0.04262126096661209,VANISH (higher in low-HDI)
Dorea_A,42,569,-3.3075058907779002,-3.0478555978822315,-0.25965029289566877,0.030991800441599392,0.4001171646162859,0.04341920556917142,BloSSUM (higher in high-HDI)
Haemophilus_D,42,569,-4.551516245977072,-4.681085256123058,0.12956901014598632,0.03172708226617124,0.5962005188718721,0.04423036591786434,VANISH (higher in low-HDI)
Desulfovibrio,42,569,-4.633797526875616,-4.496173152217159,-0.13762437465845778,0.03552841236955972,0.3970206711858733,0.049286964218555884,BloSSUM (higher in high-HDI)
Lactobacillus,42,569,-4.924727396723406,-4.867253303527832,-0.05747409319557395,0.03578157888856679,0.38183111557452504,0.0493960332949483,BloSSUM (higher in high-HDI)
UBA11524,42,569,-4.635076680909032,-4.437233091204354,-0.19784358970467775,0.03710128288448159,0.397313582726588,0.05096923813741889,BloSSUM (higher in high-HDI)
Pseudoruminococcus,42,569,-4.913786889009533,-4.854178746541341,-0.059608142468191794,0.03875285330551378,0.37823248807431586,0.05298095403604058,BloSSUM (higher in high-HDI)
Coprococcus_A,42,569,-4.48132122130621,-4.217440479206589,-0.2638807420996212,0.03961638997543124,0.40354841409322956,0.0537118013608133,BloSSUM (higher in high-HDI)
CAG-238,42,569,-4.684992564154944,-4.7708647386083065,0.08587217445336215,0.03966701937954056,0.5877060841911457,0.0537118013608133,VANISH (higher in low-HDI)
Pauljensenia,42,569,-4.824232066206157,-4.59247137860554,-0.23176068760061685,0.040915190037089974,0.39467737886015564,0.05513808943093554,BloSSUM (higher in high-HDI)
Roseburia,42,569,-2.0177763459953932,-1.865090543573553,-0.15268580242184027,0.043295379401560564,0.406519374006193,0.058069158154699714,BloSSUM (higher in high-HDI)
Dorea,42,569,-4.046211761083358,-3.7497289087865258,-0.2964828522968319,0.04835515355388971,0.4080257762155829,0.06442151693128617,BloSSUM (higher in high-HDI)
W3P20-009,42,569,-4.716312420956882,-4.876432542447691,0.16012012149080856,0.048486866100225984,0.5677462549167295,0.06442151693128617,VANISH (higher in low-HDI)
Roseburia_D,42,569,-4.843218889111787,-4.942471822102864,0.09925293299107718,0.05095313193826954,0.5508829190727258,0.06738194550715085,VANISH (higher in low-HDI)
CAG-170,42,569,-3.6065584250858853,-3.8332328033447265,0.22667437825884118,0.057553618120433574,0.5863670600050214,0.07575662292131488,VANISH (higher in low-HDI)
CAG-313,42,569,-4.884185682348654,-4.8314718093550155,-0.052713872993638056,0.06419118531842655,0.3908276843250481,0.08410234002367922,BloSSUM (higher in high-HDI)
Gemmiger,42,569,-2.6606799070134395,-2.4697503482594207,-0.19092955875401874,0.06475642099765642,0.4145116746171228,0.08445192231491598,BloSSUM (higher in high-HDI)
Onthomonas,42,569,-4.898067028494836,-4.789761403027703,-0.10830562546713285,0.06564801444921214,0.39689513766842416,0.0850268376608012,BloSSUM (higher in high-HDI)
Pilosibacter,42,569,-4.383012695918008,-4.010662384033203,-0.37235031188480416,0.06579815352549634,0.4132981839484476,0.0850268376608012,BloSSUM (higher in high-HDI)
Jutongia,42,569,-4.8379024527004315,-4.868680670454696,0.030778217754264148,0.06930224223004602,0.5589589086952883,0.08914788432319556,VANISH (higher in low-HDI)
Merdousia,42,569,-4.889678632820045,-4.930721668970017,0.04104303614997207,0.07732887129992258,0.5483722487237426,0.09902294379130357,VANISH (higher in low-HDI)
Marvinbryantia,42,569,-4.903577601669939,-4.931791214715867,0.028213613045927843,0.0788142164155002,0.5497949619214997,0.10047037498011963,VANISH (higher in low-HDI)
Coprococcus,42,569,-3.998003514585914,-4.245305808814797,0.2473022942288825,0.08496777100451675,0.5781655368650096,0.10782905468286207,VANISH (higher in low-HDI)
Faecivicinus,42,569,-4.934164445742747,-4.898182319605954,-0.0359821261367923,0.08751041978018129,0.37580550673696544,0.11056003927585405,BloSSUM (higher in high-HDI)
Laedolimicola,42,569,-4.827163287571499,-4.7346935209267995,-0.09246976664469919,0.09808033532488565,0.4125031383379362,0.12336326620863396,BloSSUM (higher in high-HDI)
Actinomyces,42,569,-4.997975817154412,-4.948585119002905,-0.049390698151507095,0.10223688985065592,0.3425809691187547,0.128022300122724,BloSSUM (higher in high-HDI)
JAZOXB01,42,569,-4.3981193912272545,-4.215755621592204,-0.1823637696350504,0.11414461661667644,0.424177755460708,0.1423036409802618,BloSSUM (higher in high-HDI)
CAG-196,42,569,-4.843993762335023,-4.904156371251049,0.060162608916026095,0.1215724554793426,0.5385387898568917,0.15089914430111384,VANISH (higher in low-HDI)
Megasphaera,42,569,-4.559439772386391,-4.722907677674905,0.16346790528851418,0.1222060019014275,0.5646079169805005,0.1510231377209781,VANISH (higher in low-HDI)
UMGS882,42,569,-4.9527303611948374,-4.968783321051762,0.016052959856924787,0.1326555219490672,0.5127207297681814,0.16322396831124358,VANISH (higher in low-HDI)
Hominicoprocola,42,569,-3.162132623280958,-3.440842405278632,0.2787097819976738,0.1363267269840731,0.5682065444807097,0.16701499453027138,VANISH (higher in low-HDI)
Acetatifactor,42,569,-3.2276959515776227,-3.2776832730162377,0.04998732143861506,0.14387281487799503,0.5671185873294836,0.17550002849341634,VANISH (higher in low-HDI)
JAGTTR01,42,569,-4.974816301900547,-4.92183395852319,-0.052982343377356855,0.16019556672532487,0.3789856891790108,0.1945722977822615,BloSSUM (higher in high-HDI)
Lentihominibacter,42,569,-4.613618909062206,-4.357804769998069,-0.2558141390641371,0.16554907152968212,0.43078918737969707,0.2002153300978634,BloSSUM (higher in high-HDI)
UMGS1590,42,569,-4.982454404071137,-4.9422550666623,-0.04019933740883719,0.1756551690738637,0.371537367143694,0.21153367169320608,BloSSUM (higher in high-HDI)
UBA4285,42,569,-4.932391710770435,-4.9062034232563985,-0.0261882875140369,0.18796639863115305,0.4037576366223115,0.22540038479922164,BloSSUM (higher in high-HDI)
UMGS1312,42,569,-4.935763399819939,-4.948434795953531,0.012671396133592694,0.19413227230836216,0.5120093731693028,0.23181195385344514,VANISH (higher in low-HDI)
Ventricola,42,569,-4.237570871509185,-4.1405809775166125,-0.09698989399257218,0.1989457156355029,0.43740061929868607,0.23656150220524083,BloSSUM (higher in high-HDI)
Mediterraneibacter_A,42,569,-4.98060350744378,-4.945191530080942,-0.03541197736283763,0.20245134892191685,0.37793957653360116,0.23972272696611913,BloSSUM (higher in high-HDI)
UBA3402,42,569,-4.885567800291292,-4.759412138519815,-0.12615566177147652,0.20486179146984163,0.4264373587747929,0.2415287829683457,BloSSUM (higher in high-HDI)
CAG-245,42,569,-4.642983134679495,-4.699962747508082,0.0569796128285871,0.20568352189177141,0.5519708762239518,0.2415287829683457,VANISH (higher in low-HDI)
Rothia,42,569,-4.925144846922432,-4.949670772163236,0.02452592524080366,0.21816605159221614,0.5131391748263453,0.255128068597509,VANISH (higher in low-HDI)
CAG-115,42,569,-4.753699333384885,-4.758926372138822,0.005227038753936597,0.22599843769215322,0.5486651602644573,0.26319982661267227,VANISH (higher in low-HDI)
Vescimonas,42,569,-2.8453084552098833,-3.0347989838698815,0.18949052865999816,0.23342331644681324,0.5547744581136497,0.27073278096085307,VANISH (higher in low-HDI)
Ruminococcus_C,42,569,-3.921599212429488,-4.030599975585938,0.10900076315645002,0.2603839911991659,0.550590007532011,0.3007700796300569,VANISH (higher in low-HDI)
UMGS1766,42,569,-4.914402396746845,-4.910675165011798,-0.003727231735046743,0.2656986206735146,0.40212570089547245,0.3056614213439212,BloSSUM (higher in high-HDI)
SFEL01,42,569,-4.786663644404458,-4.683264827315425,-0.10339881708903231,0.28477559751674975,0.44380282868859317,0.3262813526204056,BloSSUM (higher in high-HDI)
PeH17,42,569,-4.687471662248884,-4.589671297771175,-0.09780036447770879,0.2866751191754281,0.44325885011298016,0.3271333013171216,BloSSUM (higher in high-HDI)
Terrisporobacter,42,569,-4.865422447698732,-4.889332360234754,0.023909912536021594,0.31646821783512336,0.5125951962507322,0.3596807455716462,VANISH (higher in low-HDI)
Roseburia_C,42,569,-4.5903614708916916,-4.54895656005196,-0.041404910839731635,0.32366313486629983,0.5442714871537367,0.3663866686686514,BloSSUM (higher in high-HDI)
V9D3004,42,569,-4.978260662655035,-4.982758877982556,0.00449821532752015,0.3380982403716095,0.45978742991045274,0.38120239850663545,VANISH (higher in low-HDI)
Fimadaptatus,42,569,-4.96321869068185,-4.948112064792264,-0.015106625889585779,0.3639704768228693,0.38346305130136416,0.4087446227812382,BloSSUM (higher in high-HDI)
Neoanaerotignum_A,42,569,-4.992755545924107,-4.98239038592187,-0.010365160002236529,0.3684310012134244,0.3542137417357101,0.41211847171303995,BloSSUM (higher in high-HDI)
UBA10677,42,569,-4.9362037669211585,-4.956182832587255,0.01997906566609675,0.37875795705845816,0.4898736295924345,0.42200197577773096,VANISH (higher in low-HDI)
Fusobacterium_A,42,569,-4.951560235685772,-4.964112223145087,0.012551987459315406,0.3929671024857062,0.4902083856389656,0.4361164313860975,VANISH (higher in low-HDI)
Faecalibacterium,42,569,-1.7109058698018393,-1.736083406390566,0.025177536588726568,0.40952230181287985,0.4617959661896393,0.45142950825361156,VANISH (higher in low-HDI)
Hominiventricola,42,569,-4.543630861100697,-4.259475048677421,-0.2841558124232755,0.40995541915610656,0.45865762825341033,0.45142950825361156,BloSSUM (higher in high-HDI)
UBA11452,42,569,-4.9597069375051825,-4.975321127818181,0.015614190312998488,0.4281955136279444,0.45928529584065614,0.4696873269639855,VANISH (higher in low-HDI)
Romboutsia,42,569,-4.493834041731381,-4.444638804385536,-0.04919523734584441,0.4649576253968173,0.46254916729433426,0.5080425018814645,BloSSUM (higher in high-HDI)
Slackia,42,569,-4.644951163744816,-4.702945666366748,0.0579945026219324,0.47595448181888433,0.5279102853795297,0.5180581475182471,VANISH (higher in low-HDI)
Lactococcus,42,569,-4.884315946078747,-4.87402427557743,-0.010291670501317185,0.49661718355012663,0.4483638798225793,0.538477635803394,BloSSUM (higher in high-HDI)
Ruminococcoides,42,569,-3.1289489162955313,-3.0630939317786177,-0.06585498451691363,0.5376297201619953,0.471294669009959,0.5807221786482621,BloSSUM (higher in high-HDI)
UBA644,42,569,-4.932611517760218,-4.9221198218209405,-0.01049169593927779,0.5651484347880823,0.49753117415683323,0.6081255020723471,BloSSUM (higher in high-HDI)
Schaedlerella,42,569,-4.693285601284341,-4.698346488083465,0.005060886799124198,0.5702581865489993,0.5203364298267638,0.6112994954294197,VANISH (higher in low-HDI)
HGM13006,42,569,-4.872346358943959,-4.8682323183332175,-0.0041140406107418315,0.5763904892048634,0.4483638798225793,0.6155415413017975,BloSSUM (higher in high-HDI)
Megamonas,42,569,-4.904463495759114,-4.862925695521491,-0.04153780023762277,0.5912177130542389,0.4474014561888024,0.6290023037381564,BloSSUM (higher in high-HDI)
CAG-288,42,569,-4.975454115826929,-4.9870371849306165,0.011583069103687116,0.5968614703187647,0.42786007197255,0.6326284498135221,VANISH (higher in low-HDI)
F23-B02,42,569,-4.821238008952232,-4.8140013217926025,-0.00723668715962944,0.6072254478510104,0.5062348313666416,0.6396935154918425,BloSSUM (higher in high-HDI)
Intestinibacter,42,569,-4.604228301066549,-4.5514279040661485,-0.05280039700040007,0.6080478998844723,0.4694116662482216,0.6396935154918425,BloSSUM (higher in high-HDI)
Scatosoma,42,569,-4.743330302308587,-4.775469838837047,0.0321395365284598,0.6731804461725894,0.5033894049711273,0.7055928380253437,VANISH (higher in low-HDI)
Egerieenecus,42,569,-4.870949908113962,-4.846177037894251,-0.024772870219710974,0.6779361433527639,0.4590342288057578,0.7061136916409299,BloSSUM (higher in high-HDI)
Nanosynbacter,42,569,-4.994675029943019,-4.976532858610153,-0.01814217133286533,0.6804545018115509,0.38488576449912126,0.7061136916409299,BloSSUM (higher in high-HDI)
Limosilactobacillus,42,569,-4.890941644167221,-4.908855632499412,0.017913988332191266,0.6811626778020277,0.4904176081680475,0.7061136916409299,VANISH (higher in low-HDI)
Turicibacter,42,569,-4.8313406122418545,-4.863610728033658,0.03227011579180328,0.6925688110008673,0.4594108293581053,0.7145335295087764,VANISH (higher in low-HDI)
Citrobacter,42,569,-4.939148088275644,-4.931318205945632,-0.007829882330011806,0.6943347018194823,0.45338522052054564,0.7145335295087764,BloSSUM (higher in high-HDI)
Collinsella,42,569,-2.9875043179808545,-2.743828785068241,-0.24367553291261368,0.7133922583539383,0.4828437526152816,0.731485540268712,BloSSUM (higher in high-HDI)
CAG-417,42,569,-4.910624420635673,-4.943911240164158,0.03328681952848456,0.7345411784708417,0.4702485563645493,0.750332544230586,VANISH (higher in low-HDI)
UMGS911,42,569,-4.912179561738045,-4.897718184334892,-0.014461377403153008,0.7370757854985968,0.44823834630513015,0.750332544230586,BloSSUM (higher in high-HDI)
Oxalobacter,42,569,-4.912190619233734,-4.922162654353123,0.0099720351193886,0.7650411331207636,0.46857477613189386,0.7760094647784089,VANISH (higher in low-HDI)
Methanocatella,42,569,-4.513477396488922,-4.568303221747989,0.05482582525906743,0.7774158471928093,0.5083689011632773,0.7857453026984466,VANISH (higher in low-HDI)
Pararoseburia,42,569,-4.892363343071029,-4.886946872789032,-0.005416470281996766,0.7915291444007985,0.4611264540965771,0.7971628037915515,BloSSUM (higher in high-HDI)
Victivallis,42,569,-4.925297299962589,-4.917742943277164,-0.007554356685424146,0.9178495184897163,0.4540965771194242,0.9211043040162755,BloSSUM (higher in high-HDI)
CAG-217,42,569,-4.443780742987856,-4.429418150911626,-0.01436259207623003,0.9873512892984774,0.4979077747091807,0.9873512892984774,BloSSUM (higher in high-HDI)
