contrast,feature,n_studies,median_effect,frac_agree,pooled_effect,n_a,n_b,level,study,effect
IBD,Faecalibacterium,9.0,-0.8343877792358398,0.7777777777777778,-0.285524845123291,747,1535,summary,,
IBD,Escherichia,9.0,0.6761748790740967,0.8888888888888888,0.25408267974853516,747,1535,summary,,
IBD,Fusobacterium (all GTDB genera),9.0,0.26473569869995117,1.0,0.165374755859375,747,1535,summary,,
IBD,genus richness,9.0,-10.78924418604651,0.8888888888888888,-9.119691398348586,747,1535,summary,,
colorectal_cancer,Faecalibacterium,14.0,-0.38430899381637573,0.9285714285714286,-0.09994792938232422,1124,995,summary,,
colorectal_cancer,Escherichia,14.0,0.3603663444519043,0.9285714285714286,0.5185115337371826,1124,995,summary,,
colorectal_cancer,Fusobacterium (all GTDB genera),14.0,0.6501040458679199,1.0,0.8018374443054199,1124,995,summary,,
colorectal_cancer,genus richness,14.0,-1.2018335830835838,0.6428571428571429,4.750816753932227,1124,995,summary,,
type2_diabetes,Faecalibacterium,3.0,-0.11231112480163574,0.6666666666666666,0.22634375095367432,303,338,summary,,
type2_diabetes,Escherichia,3.0,0.05260729789733887,0.6666666666666666,0.6889650821685791,303,338,summary,,
type2_diabetes,Fusobacterium (all GTDB genera),3.0,0.07774877548217773,0.6666666666666666,0.43700647354125977,303,338,summary,,
type2_diabetes,genus richness,3.0,0.14069835680751197,0.6666666666666666,5.419837194445826,303,338,summary,,
IBD,Faecalibacterium,,,,,176,107,per_study,PRJEB1220,1.194753885269165
IBD,Faecalibacterium,,,,,48,45,per_study,PRJEB15371,-2.3900015354156494
IBD,Faecalibacterium,,,,,68,164,per_study,PRJNA385949,-0.6111582517623901
IBD,Faecalibacterium,,,,,48,228,per_study,PRJNA389280,0.09803259372711182
IBD,Faecalibacterium,,,,,52,142,per_study,PRJNA400072,-1.301330804824829
IBD,Faecalibacterium,,,,,82,37,per_study,PRJNA793776,-1.2002232074737549
IBD,Faecalibacterium,,,,,47,34,per_study,PRJNA813736,-0.9797708988189697
IBD,Faecalibacterium,,,,,97,90,per_study,PRJNA828396,-0.697343111038208
IBD,Faecalibacterium,,,,,129,688,per_study,PRJNA993675,-0.8343877792358398
IBD,Escherichia,,,,,176,107,per_study,PRJEB1220,0.4222583770751953
IBD,Escherichia,,,,,48,45,per_study,PRJEB15371,1.245478630065918
IBD,Escherichia,,,,,68,164,per_study,PRJNA385949,0.1596212387084961
IBD,Escherichia,,,,,48,228,per_study,PRJNA389280,-0.14629745483398438
IBD,Escherichia,,,,,52,142,per_study,PRJNA400072,0.7092690467834473
IBD,Escherichia,,,,,82,37,per_study,PRJNA793776,1.1742303371429443
IBD,Escherichia,,,,,47,34,per_study,PRJNA813736,1.0549414157867432
IBD,Escherichia,,,,,97,90,per_study,PRJNA828396,0.36975765228271484
IBD,Escherichia,,,,,129,688,per_study,PRJNA993675,0.6761748790740967
IBD,Fusobacterium (all GTDB genera),,,,,176,107,per_study,PRJEB1220,0.26755571365356445
IBD,Fusobacterium (all GTDB genera),,,,,48,45,per_study,PRJEB15371,1.5053269863128662
IBD,Fusobacterium (all GTDB genera),,,,,68,164,per_study,PRJNA385949,0.12547969818115234
IBD,Fusobacterium (all GTDB genera),,,,,48,228,per_study,PRJNA389280,0.1854410171508789
IBD,Fusobacterium (all GTDB genera),,,,,52,142,per_study,PRJNA400072,0.26473569869995117
IBD,Fusobacterium (all GTDB genera),,,,,82,37,per_study,PRJNA793776,1.5830802917480469
IBD,Fusobacterium (all GTDB genera),,,,,47,34,per_study,PRJNA813736,0.3473625183105469
IBD,Fusobacterium (all GTDB genera),,,,,97,90,per_study,PRJNA828396,0.19573307037353516
IBD,Fusobacterium (all GTDB genera),,,,,129,688,per_study,PRJNA993675,0.1510171890258789
IBD,genus richness,,,,,176,107,per_study,PRJEB1220,15.972652931180967
IBD,genus richness,,,,,48,45,per_study,PRJEB15371,-21.315277777777776
IBD,genus richness,,,,,68,164,per_study,PRJNA385949,-2.0326398852223804
IBD,genus richness,,,,,48,228,per_study,PRJNA389280,-3.416666666666668
IBD,genus richness,,,,,52,142,per_study,PRJNA400072,-20.791982665222093
IBD,genus richness,,,,,82,37,per_study,PRJNA793776,-16.8134475939354
IBD,genus richness,,,,,47,34,per_study,PRJNA813736,-11.250312891113893
IBD,genus richness,,,,,97,90,per_study,PRJNA828396,-6.248453608247424
IBD,genus richness,,,,,129,688,per_study,PRJNA993675,-10.78924418604651
colorectal_cancer,Faecalibacterium,,,,,228,238,per_study,PRJDB4176,-0.2338111400604248
colorectal_cancer,Faecalibacterium,,,,,36,69,per_study,PRJEB10878,-0.43422889709472656
colorectal_cancer,Faecalibacterium,,,,,25,29,per_study,PRJEB12449,-0.36542415618896484
colorectal_cancer,Faecalibacterium,,,,,60,22,per_study,PRJEB27928,-0.4703415632247925
colorectal_cancer,Faecalibacterium,,,,,25,44,per_study,PRJEB7774,0.10495805740356445
colorectal_cancer,Faecalibacterium,,,,,33,30,per_study,PRJNA1167935,-0.39238274097442627
colorectal_cancer,Faecalibacterium,,,,,285,67,per_study,PRJNA1235197,-1.3249049186706543
colorectal_cancer,Faecalibacterium,,,,,80,91,per_study,PRJNA429097,-0.21880173683166504
colorectal_cancer,Faecalibacterium,,,,,47,54,per_study,PRJNA447983,-0.364793062210083
colorectal_cancer,Faecalibacterium,,,,,79,80,per_study,PRJNA731589,-0.1594066619873047
colorectal_cancer,Faecalibacterium,,,,,94,94,per_study,PRJNA763023,-0.4373246431350708
colorectal_cancer,Faecalibacterium,,,,,81,129,per_study,PRJNA888860,-0.45160531997680664
colorectal_cancer,Faecalibacterium,,,,,22,20,per_study,PRJNA936589,-0.7218756675720215
colorectal_cancer,Faecalibacterium,,,,,29,28,per_study,PRJNA961076,-0.3762352466583252
colorectal_cancer,Escherichia,,,,,228,238,per_study,PRJDB4176,0.028570890426635742
colorectal_cancer,Escherichia,,,,,36,69,per_study,PRJEB10878,0.04430365562438965
colorectal_cancer,Escherichia,,,,,25,29,per_study,PRJEB12449,0.6245331764221191
colorectal_cancer,Escherichia,,,,,60,22,per_study,PRJEB27928,0.15393877029418945
colorectal_cancer,Escherichia,,,,,25,44,per_study,PRJEB7774,1.0730762481689453
colorectal_cancer,Escherichia,,,,,33,30,per_study,PRJNA1167935,0.3914642333984375
colorectal_cancer,Escherichia,,,,,285,67,per_study,PRJNA1235197,0.6973896026611328
colorectal_cancer,Escherichia,,,,,80,91,per_study,PRJNA429097,0.12870049476623535
colorectal_cancer,Escherichia,,,,,47,54,per_study,PRJNA447983,0.8493566513061523
colorectal_cancer,Escherichia,,,,,79,80,per_study,PRJNA731589,0.11696028709411621
colorectal_cancer,Escherichia,,,,,94,94,per_study,PRJNA763023,0.3292684555053711
colorectal_cancer,Escherichia,,,,,81,129,per_study,PRJNA888860,-0.17114496231079102
colorectal_cancer,Escherichia,,,,,22,20,per_study,PRJNA936589,1.0062521696090698
colorectal_cancer,Escherichia,,,,,29,28,per_study,PRJNA961076,0.6602938175201416
colorectal_cancer,Fusobacterium (all GTDB genera),,,,,228,238,per_study,PRJDB4176,0.6356725692749023
colorectal_cancer,Fusobacterium (all GTDB genera),,,,,36,69,per_study,PRJEB10878,0.8625407218933105
colorectal_cancer,Fusobacterium (all GTDB genera),,,,,25,29,per_study,PRJEB12449,0.6605806350708008
colorectal_cancer,Fusobacterium (all GTDB genera),,,,,60,22,per_study,PRJEB27928,0.5413322448730469
colorectal_cancer,Fusobacterium (all GTDB genera),,,,,25,44,per_study,PRJEB7774,0.6396274566650391
colorectal_cancer,Fusobacterium (all GTDB genera),,,,,33,30,per_study,PRJNA1167935,1.5141139030456543
colorectal_cancer,Fusobacterium (all GTDB genera),,,,,285,67,per_study,PRJNA1235197,0.022437572479248047
colorectal_cancer,Fusobacterium (all GTDB genera),,,,,80,91,per_study,PRJNA429097,0.7375915050506592
colorectal_cancer,Fusobacterium (all GTDB genera),,,,,47,54,per_study,PRJNA447983,0.22782087326049805
colorectal_cancer,Fusobacterium (all GTDB genera),,,,,79,80,per_study,PRJNA731589,1.1105713844299316
colorectal_cancer,Fusobacterium (all GTDB genera),,,,,94,94,per_study,PRJNA763023,0.7664058208465576
colorectal_cancer,Fusobacterium (all GTDB genera),,,,,81,129,per_study,PRJNA888860,0.7086195945739746
colorectal_cancer,Fusobacterium (all GTDB genera),,,,,22,20,per_study,PRJNA936589,0.30216503143310547
colorectal_cancer,Fusobacterium (all GTDB genera),,,,,29,28,per_study,PRJNA961076,0.4999842643737793
colorectal_cancer,genus richness,,,,,228,238,per_study,PRJDB4176,2.926396874539293
colorectal_cancer,genus richness,,,,,36,69,per_study,PRJEB10878,0.3357487922705289
colorectal_cancer,genus richness,,,,,25,29,per_study,PRJEB12449,-10.539310344827584
colorectal_cancer,genus richness,,,,,60,22,per_study,PRJEB27928,-1.1848484848484873
colorectal_cancer,genus richness,,,,,25,44,per_study,PRJEB7774,9.06545454545455
colorectal_cancer,genus richness,,,,,33,30,per_study,PRJNA1167935,-21.272727272727273
colorectal_cancer,genus richness,,,,,285,67,per_study,PRJNA1235197,-11.931971720345643
colorectal_cancer,genus richness,,,,,80,91,per_study,PRJNA429097,-1.2188186813186803
colorectal_cancer,genus richness,,,,,47,54,per_study,PRJNA447983,5.651694247438925
colorectal_cancer,genus richness,,,,,79,80,per_study,PRJNA731589,-3.4131329113924025
colorectal_cancer,genus richness,,,,,94,94,per_study,PRJNA763023,-0.02127659574468055
colorectal_cancer,genus richness,,,,,81,129,per_study,PRJNA888860,-2.736434108527135
colorectal_cancer,genus richness,,,,,22,20,per_study,PRJNA936589,-25.18636363636363
colorectal_cancer,genus richness,,,,,29,28,per_study,PRJNA961076,2.198275862068968
type2_diabetes,Faecalibacterium,,,,,39,96,per_study,PRJEB1786,-0.11231112480163574
type2_diabetes,Faecalibacterium,,,,,168,171,per_study,PRJNA422434,-0.46510350704193115
type2_diabetes,Faecalibacterium,,,,,96,71,per_study,PRJNA686835,0.046663880348205566
type2_diabetes,Escherichia,,,,,39,96,per_study,PRJEB1786,-0.3386049270629883
type2_diabetes,Escherichia,,,,,168,171,per_study,PRJNA422434,0.22454547882080078
type2_diabetes,Escherichia,,,,,96,71,per_study,PRJNA686835,0.05260729789733887
type2_diabetes,Fusobacterium (all GTDB genera),,,,,39,96,per_study,PRJEB1786,0.0
type2_diabetes,Fusobacterium (all GTDB genera),,,,,168,171,per_study,PRJNA422434,0.07774877548217773
type2_diabetes,Fusobacterium (all GTDB genera),,,,,96,71,per_study,PRJNA686835,0.16292428970336914
type2_diabetes,genus richness,,,,,39,96,per_study,PRJEB1786,-8.77964743589743
type2_diabetes,genus richness,,,,,168,171,per_study,PRJNA422434,0.9068504594820368
type2_diabetes,genus richness,,,,,96,71,per_study,PRJNA686835,0.14069835680751197
