group,n_samples,n_studies,median,q1,q3,median_of_study_medians,n_studies_ge20,facet,metric
neonate,8687,98,7.0,4.0,10.0,6.0,47,age_category,richness
infant,30765,212,15.0,9.0,25.0,14.0,142,age_category,richness
child,15151,165,39.0,27.0,52.0,39.0,104,age_category,richness
adolescent,3065,93,44.0,30.0,58.0,45.0,37,age_category,richness
adult,125958,871,53.0,36.0,70.0,47.5,681,age_category,richness
elderly,19134,258,61.0,45.0,78.0,54.0,124,age_category,richness
low,5429,55,49.0,24.0,77.0,40.0,44,hdi_band,richness
middle,20492,229,44.0,32.0,57.0,43.75,176,hdi_band,richness
high,131007,714,55.0,38.0,71.0,50.0,584,hdi_band,richness
healthy_control,44167,470,45.0,25.0,62.0,49.5,317,health_condition,richness
ibs,1751,17,50.0,39.0,63.0,50.0,13,health_condition,richness
obesity,2522,38,51.0,39.0,65.0,51.0,29,health_condition,richness
type2_diabetes,2291,40,48.0,34.0,64.0,43.0,25,health_condition,richness
crohns_disease,2540,43,31.0,18.0,45.0,31.0,23,health_condition,richness
ulcerative_colitis,2458,38,40.0,25.0,56.0,40.75,24,health_condition,richness
colorectal_cancer,2834,40,50.0,34.0,65.0,50.0,33,health_condition,richness
liver_disease,1395,22,37.0,21.5,52.0,31.0,18,health_condition,richness
kidney_disease,1853,10,54.0,41.0,68.0,52.5,8,health_condition,richness
gi_infection_or_diarrhoea,7268,64,35.0,20.75,50.0,33.0,45,health_condition,richness
malnutrition,1806,8,32.0,27.0,36.0,28.5,4,health_condition,richness
transplant_or_immunocompromised,4529,32,19.0,8.0,32.0,19.0,27,health_condition,richness
neonate,8687,98,1.0356820362053978,0.59843183281812,1.4581526894781782,0.9889695680979427,47,age_category,shannon
infant,30765,212,1.6813088203799214,1.0848823252940218,2.241157460554922,1.5918101747442739,142,age_category,shannon
child,15151,165,2.67008963593511,2.1987189026975757,3.045076091468231,2.702006945709628,104,age_category,shannon
adolescent,3065,93,2.78147193538289,2.2142658428547985,3.2048410246900163,2.8101762644374086,37,age_category,shannon
adult,125958,871,3.0787768379764495,2.5304708337417026,3.488479805537474,2.903672803258234,681,age_category,shannon
elderly,19134,258,3.24122337441399,2.7951884288884226,3.594119133900619,3.0429724352294683,124,age_category,shannon
low,5429,55,2.7365881835936166,2.0582411343495775,3.401945828754619,2.555099497869805,44,hdi_band,shannon
middle,20492,229,2.742987918574394,2.257057694783997,3.1518288312659895,2.7243894012532626,176,hdi_band,shannon
high,131007,714,3.1308557664707797,2.621753552832134,3.520132208935483,2.991598993465642,584,hdi_band,shannon
healthy_control,44167,470,2.8186844076013085,2.1654633849690077,3.2991002163006087,2.9432288668679303,317,health_condition,shannon
ibs,1751,17,3.087604896545739,2.784475170148287,3.355241297333812,2.9986401007486387,13,health_condition,shannon
obesity,2522,38,3.0197142361739617,2.565732221161438,3.3956940256199144,3.0353788635286536,29,health_condition,shannon
type2_diabetes,2291,40,2.880384826274727,2.3813474734973186,3.3355189837681696,2.738042115340953,25,health_condition,shannon
crohns_disease,2540,43,2.453744707052203,1.894503406241976,2.921705824989725,2.424658125913557,23,health_condition,shannon
ulcerative_colitis,2458,38,2.728518751464166,2.2131483512853687,3.1632881797260533,2.726014578438627,24,health_condition,shannon
colorectal_cancer,2834,40,2.9581556781685503,2.4037586289016972,3.367656840538208,2.9329009386988765,33,health_condition,shannon
liver_disease,1395,22,2.632722014538931,1.983861871093243,3.111236615514391,2.4367051730098863,18,health_condition,shannon
kidney_disease,1853,10,3.1269006575639082,2.729360783902677,3.4620851160275485,3.0495953150817403,8,health_condition,shannon
gi_infection_or_diarrhoea,7268,64,2.4897895114353323,1.9417606748965799,2.9625849724733,2.4386545932336894,45,health_condition,shannon
malnutrition,1806,8,2.4977512584897807,2.2142671973295776,2.7341492217100063,2.3130975326442247,4,health_condition,shannon
transplant_or_immunocompromised,4529,32,1.929674193342176,1.053585995925885,2.5519260852745513,1.935807857998686,27,health_condition,shannon
