country,n,nstud,prevalence,mean_relabund,median_study_prevalence,n_studies_ge20,age_set
AR,34,3,0.9411765,0.2001872,1.0,1.0,child-to-elderly
AT,372,8,0.34946236,0.02185196,0.3220339,5.0,child-to-elderly
AU,832,11,0.5108173,0.045705613,0.4861111,11.0,child-to-elderly
BD,218,4,0.9495413,0.30709937,0.983871,3.0,child-to-elderly
BE,710,7,0.43661973,0.03174638,0.51666665,7.0,child-to-elderly
BF,420,2,0.99761903,0.18833157,0.99856323,2.0,child-to-elderly
BG,110,2,0.90909094,0.15333602,0.9,1.0,child-to-elderly
CA,4620,34,0.4551948,0.05087698,0.36310863,22.0,child-to-elderly
CD,168,1,0.9464286,0.3948026,0.9464286,1.0,child-to-elderly
CH,383,8,0.383812,0.032001913,0.40350878,7.0,child-to-elderly
CM,409,3,0.96821517,0.26660147,0.9681529,3.0,child-to-elderly
CN,17606,201,0.64943767,0.091418475,0.6,161.0,child-to-elderly
CO,448,3,0.47544643,0.018009081,0.5373744,2.0,child-to-elderly
DE,3553,36,0.51336896,0.064694166,0.51760566,32.0,child-to-elderly
DK,4638,30,0.54700303,0.06886628,0.575,27.0,child-to-elderly
ES,3601,30,0.6973063,0.10181575,0.70107526,21.0,child-to-elderly
ET,137,4,0.8029197,0.09993719,0.85714287,2.0,child-to-elderly
FI,571,9,0.43782836,0.015450894,0.24409449,3.0,child-to-elderly
FJ,171,2,1.0,0.35983732,1.0,1.0,child-to-elderly
FR,1394,18,0.6147776,0.05819689,0.58358663,12.0,child-to-elderly
GB,15926,32,0.45209092,0.041547116,0.4531263,25.0,child-to-elderly
GH,239,2,0.9790795,0.2501274,0.964833,2.0,child-to-elderly
GW,269,1,0.8921933,0.054061476,0.8921933,1.0,child-to-elderly
HK,6999,26,0.43134734,0.047533944,0.4111406,23.0,child-to-elderly
HN,155,1,0.032258064,0.00010011612,0.032258064,1.0,child-to-elderly
HT,329,3,0.66565347,0.12390262,0.7541887,2.0,child-to-elderly
HU,317,5,0.4858044,0.050915524,0.5714286,3.0,child-to-elderly
IE,2875,17,0.47895652,0.042345967,0.4074074,15.0,child-to-elderly
IL,1510,10,0.5980132,0.089352496,0.42684063,10.0,child-to-elderly
IN,910,17,0.6043956,0.14835809,0.88,13.0,child-to-elderly
IT,3132,37,0.5207535,0.04649659,0.5419162,27.0,child-to-elderly
JP,2280,28,0.4114035,0.049546048,0.3618182,20.0,child-to-elderly
KE,233,2,0.944206,0.25075954,0.94196427,1.0,child-to-elderly
KR,752,16,0.63164896,0.081666976,0.64705884,11.0,child-to-elderly
KZ,106,3,0.7358491,0.12592968,0.75,3.0,child-to-elderly
LU,193,4,0.68393785,0.07112175,0.66106707,2.0,child-to-elderly
MG,96,1,0.9895833,0.15024717,0.9895833,1.0,child-to-elderly
ML,231,3,0.9047619,0.08453522,1.0,3.0,child-to-elderly
MX,371,11,0.8355795,0.2273982,0.93772894,6.0,child-to-elderly
MY,1179,6,0.79389316,0.089135535,0.7870711,6.0,child-to-elderly
NE,602,1,0.96843857,0.29320225,0.96843857,1.0,child-to-elderly
NL,4017,27,0.5678367,0.05836768,0.55369127,25.0,child-to-elderly
NO,640,6,0.5859375,0.034387622,0.5398792,4.0,child-to-elderly
NZ,1379,9,0.53807104,0.062218398,0.47965115,9.0,child-to-elderly
PE,670,2,0.20895523,0.010620783,0.5865835,2.0,child-to-elderly
PL,1573,8,0.49713922,0.058673467,0.50503904,8.0,child-to-elderly
RO,75,1,0.7733333,0.10092212,0.7733333,1.0,child-to-elderly
RS,100,2,0.67,0.06148544,0.553424,2.0,child-to-elderly
RU,286,14,0.7132867,0.08516761,0.78125,5.0,child-to-elderly
SA,186,2,0.53763443,0.08547445,0.51976454,2.0,child-to-elderly
SE,9803,23,0.5382026,0.04056884,0.5597222,16.0,child-to-elderly
SG,1321,5,0.40953824,0.07743796,0.45238096,5.0,child-to-elderly
TR,59,2,0.2881356,0.02596527,0.25581396,1.0,child-to-elderly
TZ,583,4,0.9382504,0.1955136,0.9958506,3.0,child-to-elderly
UG,309,4,0.58576053,0.0939831,0.70461535,4.0,child-to-elderly
US,55376,272,0.3201748,0.030238435,0.33333334,227.0,child-to-elderly
VE,177,2,1.0,0.23694791,1.0,1.0,child-to-elderly
ZA,1004,3,0.91533864,0.17299429,0.9063969,2.0,child-to-elderly
ZW,68,1,1.0,0.4440477,1.0,1.0,child-to-elderly
AE,179,1,0.17877094,0.022537407,0.17877094,1.0,neonate+infant
AT,109,3,0.04587156,0.0011301285,0.061728396,1.0,neonate+infant
AU,585,5,0.03931624,0.0066542737,0.04761905,5.0,neonate+infant
BD,4221,8,0.49538025,0.10394935,0.40521738,7.0,neonate+infant
BE,126,3,0.03968254,0.0015627618,0.032786883,3.0,neonate+infant
BR,883,1,0.081540205,0.013070499,0.081540205,1.0,neonate+infant
CA,2829,6,0.042064335,0.0016699322,0.044444446,3.0,neonate+infant
CM,36,1,1.0,0.27238995,1.0,1.0,neonate+infant
CN,201,10,0.19402985,0.02542101,0.012820513,2.0,neonate+infant
DE,1329,4,0.17456734,0.014023148,0.17643389,4.0,neonate+infant
DK,600,5,0.945,0.061741676,0.9542373,1.0,neonate+infant
EC,81,1,0.80246913,0.29177073,0.80246913,1.0,neonate+infant
EE,398,3,0.37437186,0.071776494,0.2857143,3.0,neonate+infant
ES,866,4,0.06004619,0.0010659654,0.06880398,4.0,neonate+infant
ET,39,3,0.84615386,0.15116239,1.0,1.0,neonate+infant
FI,2397,12,0.10638298,0.012723722,0.07875458,11.0,neonate+infant
GB,2221,9,0.06483566,0.006469377,0.020408163,3.0,neonate+infant
GR,44,1,0.0,0.0,0.0,1.0,neonate+infant
IE,500,3,0.094,0.008028689,0.046153847,3.0,neonate+infant
IN,282,4,0.095744684,0.007876868,0.06514811,2.0,neonate+infant
IT,536,13,0.21641791,0.0068220226,0.20527425,6.0,neonate+infant
KE,52,1,0.53846157,0.19075583,0.53846157,1.0,neonate+infant
KZ,360,3,0.3,0.05546734,0.3112245,3.0,neonate+infant
LU,73,3,0.08219178,0.0026121233,0.06521739,2.0,neonate+infant
MW,83,2,0.55421686,0.20095877,0.6574074,2.0,neonate+infant
MX,52,2,0.15384616,0.031286288,0.15384616,2.0,neonate+infant
MZ,139,1,0.8561151,0.28085536,0.8561151,1.0,neonate+infant
NL,45,4,0.08888889,0.008797734,0.0,1.0,neonate+infant
NO,52,1,0.28846154,0.010161116,0.28846154,1.0,neonate+infant
NP,48,1,1.0,0.49546945,1.0,1.0,neonate+infant
NZ,733,4,0.087312415,0.003920907,0.08348135,3.0,neonate+infant
PE,296,2,0.23986487,0.013522709,0.2320819,1.0,neonate+infant
PR,61,1,0.29508197,0.013433999,0.29508197,1.0,neonate+infant
RU,602,3,0.21594684,0.020220505,0.22426471,3.0,neonate+infant
SE,351,1,0.23076923,0.014736419,0.23076923,1.0,neonate+infant
SG,479,2,0.006263048,0.0011452339,0.004219409,1.0,neonate+infant
TZ,63,1,0.9206349,0.2573338,0.9206349,1.0,neonate+infant
UG,77,1,0.77922076,0.12569912,0.77922076,1.0,neonate+infant
US,15685,87,0.10978642,0.011098632,0.05392157,65.0,neonate+infant
ZA,329,4,0.5805471,0.064074755,0.66967785,4.0,neonate+infant
ZM,76,1,0.7763158,0.15621622,0.7763158,1.0,neonate+infant
ZW,954,3,0.5377358,0.10329899,0.55714285,3.0,neonate+infant
