facet,group,n_samples,n_studies,prevalence,mean_relabund
life stage,neonate,8687,98,0.03741222516403822,0.0010309352073818445
life stage,infant,30765,212,0.17523159434422234,0.008602309040725231
life stage,child,15151,165,0.4075638571711438,0.02006549946963787
life stage,adolescent,3065,93,0.30538336052202286,0.007748181466013193
life stage,adult,125958,871,0.4165118531574017,0.00971242319792509
life stage,elderly,19134,258,0.5397721333751437,0.014583404175937176
HDI band (child–elderly),low,5429,55,0.13501565665868484,0.002952088136225939
HDI band (child–elderly),middle,20492,229,0.2629806753855163,0.006544747389853001
HDI band (child–elderly),high,131007,714,0.47254726846657047,0.012446563690900803
