genus,n_studies,median_effect,frac_agree,pooled_effect,n_a,n_b,level,study,effect
Bifidobacterium,31.0,-0.05333280563354492,0.5161290322580645,-0.9051792621612549,7665,5055,summary,,
Bacteroides,31.0,-0.5479786396026611,0.9032258064516129,-1.2616281509399414,7665,5055,summary,,
Phocaeicola,31.0,-0.533078670501709,0.8387096774193549,-1.1133129596710205,7665,5055,summary,,
Escherichia,31.0,-0.24176406860351562,0.5806451612903226,-0.4607574939727783,7665,5055,summary,,
Enterococcus,31.0,0.3177907466888428,0.8709677419354839,0.7869513034820557,7665,5055,summary,,
Klebsiella,31.0,0.33024144172668457,0.8064516129032258,0.7169384956359863,7665,5055,summary,,
Bifidobacterium,,,,,798,631,per_study,PRJEB32631,-1.2370363473892212
Bifidobacterium,,,,,407,181,per_study,PRJEB39610,-0.2529991865158081
Bifidobacterium,,,,,570,32,per_study,PRJEB51728,0.3912379741668701
Bifidobacterium,,,,,183,76,per_study,PRJEB52774,-0.5895507335662842
Bifidobacterium,,,,,47,24,per_study,PRJEB54707,-0.6643622517585754
Bifidobacterium,,,,,254,54,per_study,PRJEB62041,0.049515366554260254
Bifidobacterium,,,,,725,286,per_study,PRJEB62690,-0.8086849451065063
Bifidobacterium,,,,,114,51,per_study,PRJEB62848,-0.2418450117111206
Bifidobacterium,,,,,48,26,per_study,PRJEB63351,0.7075257897377014
Bifidobacterium,,,,,298,53,per_study,PRJEB6456,-0.7517992258071899
Bifidobacterium,,,,,93,48,per_study,PRJEB74322,-0.6231019496917725
Bifidobacterium,,,,,39,46,per_study,PRJEB83236,-0.7558119297027588
Bifidobacterium,,,,,728,655,per_study,PRJEB83552,0.09113538265228271
Bifidobacterium,,,,,437,166,per_study,PRJNA1106565,0.03297293186187744
Bifidobacterium,,,,,47,27,per_study,PRJNA1227883,-0.5564168691635132
Bifidobacterium,,,,,637,66,per_study,PRJNA290380,0.20588135719299316
Bifidobacterium,,,,,28,98,per_study,PRJNA294605,-0.5844979286193848
Bifidobacterium,,,,,112,240,per_study,PRJNA301903,0.27550697326660156
Bifidobacterium,,,,,111,237,per_study,PRJNA376566,-0.5393338203430176
Bifidobacterium,,,,,65,210,per_study,PRJNA396794,0.1250615119934082
Bifidobacterium,,,,,81,123,per_study,PRJNA473126,0.29327690601348877
Bifidobacterium,,,,,68,304,per_study,PRJNA489090,0.42246055603027344
Bifidobacterium,,,,,943,87,per_study,PRJNA497734,0.38971567153930664
Bifidobacterium,,,,,64,27,per_study,PRJNA549787,-0.1323789358139038
Bifidobacterium,,,,,164,210,per_study,PRJNA63661,-0.05333280563354492
Bifidobacterium,,,,,263,407,per_study,PRJNA698986,-0.633614182472229
Bifidobacterium,,,,,36,43,per_study,PRJNA701480,-0.12794709205627441
Bifidobacterium,,,,,38,34,per_study,PRJNA778397,0.11461615562438965
Bifidobacterium,,,,,84,201,per_study,PRJNA872399,0.4629034996032715
Bifidobacterium,,,,,47,332,per_study,PRJNA884103,0.09902238845825195
Bifidobacterium,,,,,136,80,per_study,PRJNA988496,0.2095494270324707
Bacteroides,,,,,798,631,per_study,PRJEB32631,-1.5415291786193848
Bacteroides,,,,,407,181,per_study,PRJEB39610,-0.037899017333984375
Bacteroides,,,,,570,32,per_study,PRJEB51728,-0.15900874137878418
Bacteroides,,,,,183,76,per_study,PRJEB52774,-1.6504418849945068
Bacteroides,,,,,47,24,per_study,PRJEB54707,0.0731503963470459
Bacteroides,,,,,254,54,per_study,PRJEB62041,-0.8594624996185303
Bacteroides,,,,,725,286,per_study,PRJEB62690,-1.116969108581543
Bacteroides,,,,,114,51,per_study,PRJEB62848,-0.34584593772888184
Bacteroides,,,,,48,26,per_study,PRJEB63351,-1.062382459640503
Bacteroides,,,,,298,53,per_study,PRJEB6456,-1.3987760543823242
Bacteroides,,,,,93,48,per_study,PRJEB74322,-0.5479786396026611
Bacteroides,,,,,39,46,per_study,PRJEB83236,-0.47252607345581055
Bacteroides,,,,,728,655,per_study,PRJEB83552,0.06794357299804688
Bacteroides,,,,,437,166,per_study,PRJNA1106565,-0.47777605056762695
Bacteroides,,,,,47,27,per_study,PRJNA1227883,0.06215381622314453
Bacteroides,,,,,637,66,per_study,PRJNA290380,-0.6112514734268188
Bacteroides,,,,,28,98,per_study,PRJNA294605,-0.8762273788452148
Bacteroides,,,,,112,240,per_study,PRJNA301903,-0.37877845764160156
Bacteroides,,,,,111,237,per_study,PRJNA376566,-0.7771096229553223
Bacteroides,,,,,65,210,per_study,PRJNA396794,-0.44333314895629883
Bacteroides,,,,,81,123,per_study,PRJNA473126,-0.9613037109375
Bacteroides,,,,,68,304,per_study,PRJNA489090,-0.36956787109375
Bacteroides,,,,,943,87,per_study,PRJNA497734,-1.0770615339279175
Bacteroides,,,,,64,27,per_study,PRJNA549787,-0.624885082244873
Bacteroides,,,,,164,210,per_study,PRJNA63661,-0.3372163772583008
Bacteroides,,,,,263,407,per_study,PRJNA698986,-1.0004935264587402
Bacteroides,,,,,36,43,per_study,PRJNA701480,-2.5538899898529053
Bacteroides,,,,,38,34,per_study,PRJNA778397,-1.6781799793243408
Bacteroides,,,,,84,201,per_study,PRJNA872399,-0.4365830421447754
Bacteroides,,,,,47,332,per_study,PRJNA884103,-0.4417428970336914
Bacteroides,,,,,136,80,per_study,PRJNA988496,-0.4056570529937744
Phocaeicola,,,,,798,631,per_study,PRJEB32631,-1.613018274307251
Phocaeicola,,,,,407,181,per_study,PRJEB39610,-0.09397506713867188
Phocaeicola,,,,,570,32,per_study,PRJEB51728,-0.24264192581176758
Phocaeicola,,,,,183,76,per_study,PRJEB52774,-1.1285278797149658
Phocaeicola,,,,,47,24,per_study,PRJEB54707,0.026966333389282227
Phocaeicola,,,,,254,54,per_study,PRJEB62041,-0.5807876586914062
Phocaeicola,,,,,725,286,per_study,PRJEB62690,-1.269439458847046
Phocaeicola,,,,,114,51,per_study,PRJEB62848,-0.5296940803527832
Phocaeicola,,,,,48,26,per_study,PRJEB63351,-0.5939638614654541
Phocaeicola,,,,,298,53,per_study,PRJEB6456,-1.4916603565216064
Phocaeicola,,,,,93,48,per_study,PRJEB74322,-0.8367810249328613
Phocaeicola,,,,,39,46,per_study,PRJEB83236,-0.2064499855041504
Phocaeicola,,,,,728,655,per_study,PRJEB83552,0.0019211769104003906
Phocaeicola,,,,,437,166,per_study,PRJNA1106565,-1.2600646018981934
Phocaeicola,,,,,47,27,per_study,PRJNA1227883,-0.17913818359375
Phocaeicola,,,,,637,66,per_study,PRJNA290380,-0.7851669788360596
Phocaeicola,,,,,28,98,per_study,PRJNA294605,0.0
Phocaeicola,,,,,112,240,per_study,PRJNA301903,-0.22619390487670898
Phocaeicola,,,,,111,237,per_study,PRJNA376566,-0.3585500717163086
Phocaeicola,,,,,65,210,per_study,PRJNA396794,-0.4161648750305176
Phocaeicola,,,,,81,123,per_study,PRJNA473126,0.07278966903686523
Phocaeicola,,,,,68,304,per_study,PRJNA489090,-0.05882549285888672
Phocaeicola,,,,,943,87,per_study,PRJNA497734,-1.0559942722320557
Phocaeicola,,,,,64,27,per_study,PRJNA549787,-0.8161773681640625
Phocaeicola,,,,,164,210,per_study,PRJNA63661,-0.533078670501709
Phocaeicola,,,,,263,407,per_study,PRJNA698986,-0.4956233501434326
Phocaeicola,,,,,36,43,per_study,PRJNA701480,-1.9345917701721191
Phocaeicola,,,,,38,34,per_study,PRJNA778397,-1.245546817779541
Phocaeicola,,,,,84,201,per_study,PRJNA872399,-0.6367983818054199
Phocaeicola,,,,,47,332,per_study,PRJNA884103,0.0
Phocaeicola,,,,,136,80,per_study,PRJNA988496,-0.6429414749145508
Escherichia,,,,,798,631,per_study,PRJEB32631,-0.961280107498169
Escherichia,,,,,407,181,per_study,PRJEB39610,0.24219274520874023
Escherichia,,,,,570,32,per_study,PRJEB51728,0.24413418769836426
Escherichia,,,,,183,76,per_study,PRJEB52774,-0.5760188102722168
Escherichia,,,,,47,24,per_study,PRJEB54707,0.3007148504257202
Escherichia,,,,,254,54,per_study,PRJEB62041,0.23207318782806396
Escherichia,,,,,725,286,per_study,PRJEB62690,-0.6511068344116211
Escherichia,,,,,114,51,per_study,PRJEB62848,0.12212467193603516
Escherichia,,,,,48,26,per_study,PRJEB63351,0.3960847854614258
Escherichia,,,,,298,53,per_study,PRJEB6456,-0.45903849601745605
Escherichia,,,,,93,48,per_study,PRJEB74322,0.08856344223022461
Escherichia,,,,,39,46,per_study,PRJEB83236,-0.809098482131958
Escherichia,,,,,728,655,per_study,PRJEB83552,-0.3554046154022217
Escherichia,,,,,437,166,per_study,PRJNA1106565,-0.2933313846588135
Escherichia,,,,,47,27,per_study,PRJNA1227883,0.18571686744689941
Escherichia,,,,,637,66,per_study,PRJNA290380,0.10687994956970215
Escherichia,,,,,28,98,per_study,PRJNA294605,-1.5247304439544678
Escherichia,,,,,112,240,per_study,PRJNA301903,0.13804173469543457
Escherichia,,,,,111,237,per_study,PRJNA376566,-0.048807621002197266
Escherichia,,,,,65,210,per_study,PRJNA396794,-0.01782989501953125
Escherichia,,,,,81,123,per_study,PRJNA473126,-0.44766855239868164
Escherichia,,,,,68,304,per_study,PRJNA489090,0.3906681537628174
Escherichia,,,,,943,87,per_study,PRJNA497734,0.10105419158935547
Escherichia,,,,,64,27,per_study,PRJNA549787,0.3702174425125122
Escherichia,,,,,164,210,per_study,PRJNA63661,-1.0674290657043457
Escherichia,,,,,263,407,per_study,PRJNA698986,-0.24176406860351562
Escherichia,,,,,36,43,per_study,PRJNA701480,-0.3758500814437866
Escherichia,,,,,38,34,per_study,PRJNA778397,-0.7632768154144287
Escherichia,,,,,84,201,per_study,PRJNA872399,-1.5197222232818604
Escherichia,,,,,47,332,per_study,PRJNA884103,-0.39551806449890137
Escherichia,,,,,136,80,per_study,PRJNA988496,-0.7269372940063477
Enterococcus,,,,,798,631,per_study,PRJEB32631,1.019674301147461
Enterococcus,,,,,407,181,per_study,PRJEB39610,0.3177907466888428
Enterococcus,,,,,570,32,per_study,PRJEB51728,0.02933502197265625
Enterococcus,,,,,183,76,per_study,PRJEB52774,0.39269399642944336
Enterococcus,,,,,47,24,per_study,PRJEB54707,0.04505610466003418
Enterococcus,,,,,254,54,per_study,PRJEB62041,0.4513235092163086
Enterococcus,,,,,725,286,per_study,PRJEB62690,0.6814172267913818
Enterococcus,,,,,114,51,per_study,PRJEB62848,0.3494260311126709
Enterococcus,,,,,48,26,per_study,PRJEB63351,0.46021127700805664
Enterococcus,,,,,298,53,per_study,PRJEB6456,0.44895148277282715
Enterococcus,,,,,93,48,per_study,PRJEB74322,0.6182279586791992
Enterococcus,,,,,39,46,per_study,PRJEB83236,0.2572941780090332
Enterococcus,,,,,728,655,per_study,PRJEB83552,0.2223505973815918
Enterococcus,,,,,437,166,per_study,PRJNA1106565,0.04484128952026367
Enterococcus,,,,,47,27,per_study,PRJNA1227883,0.41222333908081055
Enterococcus,,,,,637,66,per_study,PRJNA290380,0.07385635375976562
Enterococcus,,,,,28,98,per_study,PRJNA294605,-0.35966992378234863
Enterococcus,,,,,112,240,per_study,PRJNA301903,0.6946325302124023
Enterococcus,,,,,111,237,per_study,PRJNA376566,-0.2454242706298828
Enterococcus,,,,,65,210,per_study,PRJNA396794,0.8433916568756104
Enterococcus,,,,,81,123,per_study,PRJNA473126,0.16498470306396484
Enterococcus,,,,,68,304,per_study,PRJNA489090,0.18619942665100098
Enterococcus,,,,,943,87,per_study,PRJNA497734,0.09152746200561523
Enterococcus,,,,,64,27,per_study,PRJNA549787,-0.23788070678710938
Enterococcus,,,,,164,210,per_study,PRJNA63661,0.5017452239990234
Enterococcus,,,,,263,407,per_study,PRJNA698986,0.15636777877807617
Enterococcus,,,,,36,43,per_study,PRJNA701480,0.31031131744384766
Enterococcus,,,,,38,34,per_study,PRJNA778397,0.5531744956970215
Enterococcus,,,,,84,201,per_study,PRJNA872399,1.0531940460205078
Enterococcus,,,,,47,332,per_study,PRJNA884103,0.7288315296173096
Enterococcus,,,,,136,80,per_study,PRJNA988496,-0.006021738052368164
Klebsiella,,,,,798,631,per_study,PRJEB32631,0.7569286823272705
Klebsiella,,,,,407,181,per_study,PRJEB39610,-0.5887043476104736
Klebsiella,,,,,570,32,per_study,PRJEB51728,-0.36754417419433594
Klebsiella,,,,,183,76,per_study,PRJEB52774,0.7078688144683838
Klebsiella,,,,,47,24,per_study,PRJEB54707,0.5834712982177734
Klebsiella,,,,,254,54,per_study,PRJEB62041,0.33024144172668457
Klebsiella,,,,,725,286,per_study,PRJEB62690,0.7939846515655518
Klebsiella,,,,,114,51,per_study,PRJEB62848,-0.05183267593383789
Klebsiella,,,,,48,26,per_study,PRJEB63351,0.2593700885772705
Klebsiella,,,,,298,53,per_study,PRJEB6456,0.45050048828125
Klebsiella,,,,,93,48,per_study,PRJEB74322,0.6140625476837158
Klebsiella,,,,,39,46,per_study,PRJEB83236,0.026598453521728516
Klebsiella,,,,,728,655,per_study,PRJEB83552,-0.3451111316680908
Klebsiella,,,,,437,166,per_study,PRJNA1106565,-0.14048266410827637
Klebsiella,,,,,47,27,per_study,PRJNA1227883,0.5505738258361816
Klebsiella,,,,,637,66,per_study,PRJNA290380,0.029780864715576172
Klebsiella,,,,,28,98,per_study,PRJNA294605,0.8436055183410645
Klebsiella,,,,,112,240,per_study,PRJNA301903,0.27595090866088867
Klebsiella,,,,,111,237,per_study,PRJNA376566,0.3486509323120117
Klebsiella,,,,,65,210,per_study,PRJNA396794,-0.51877760887146
Klebsiella,,,,,81,123,per_study,PRJNA473126,0.4564077854156494
Klebsiella,,,,,68,304,per_study,PRJNA489090,0.16025781631469727
Klebsiella,,,,,943,87,per_study,PRJNA497734,0.31560325622558594
Klebsiella,,,,,64,27,per_study,PRJNA549787,0.23529434204101562
Klebsiella,,,,,164,210,per_study,PRJNA63661,0.279984712600708
Klebsiella,,,,,263,407,per_study,PRJNA698986,0.912501335144043
Klebsiella,,,,,36,43,per_study,PRJNA701480,1.0745229721069336
Klebsiella,,,,,38,34,per_study,PRJNA778397,0.3459150791168213
Klebsiella,,,,,84,201,per_study,PRJNA872399,0.8279085159301758
Klebsiella,,,,,47,332,per_study,PRJNA884103,1.5345277786254883
Klebsiella,,,,,136,80,per_study,PRJNA988496,0.17279672622680664
