age_category,top_genus,share,n_samples
neonate,Bacteroides,0.04293772303441925,8687
infant,Bacteroides,0.10092637737688932,30765
child,Bacteroides,0.25602270477196226,15151
adolescent,Bacteroides,0.1797716150081566,3065
adult,Bacteroides,0.1713031327902952,125958
elderly,Bacteroides,0.1572593289432424,19134
unknown,Bacteroides,0.14821333591218994,103405
neonate,Prevotella,0.012317255669391044,8687
infant,Prevotella,0.06825938566552901,30765
child,Prevotella,0.14738301102237475,15151
adolescent,Prevotella,0.16280587275693312,3065
adult,Prevotella,0.15024055637593484,125958
elderly,Prevotella,0.1458137347130762,19134
unknown,Prevotella,0.1491223828634979,103405
neonate,Bifidobacterium,0.22596983999079084,8687
infant,Bifidobacterium,0.4025028441410694,30765
child,Bifidobacterium,0.10613160847468814,15151
adolescent,Bifidobacterium,0.1265905383360522,3065
adult,Bifidobacterium,0.04373680115594087,125958
elderly,Bifidobacterium,0.03752482491899237,19134
unknown,Bifidobacterium,0.12938445916541752,103405
neonate,Faecalibacterium,0.003338321630021872,8687
infant,Faecalibacterium,0.021973021290427434,30765
child,Faecalibacterium,0.09009306316414759,15151
adolescent,Faecalibacterium,0.11484502446982056,3065
adult,Faecalibacterium,0.1325997554740469,125958
elderly,Faecalibacterium,0.08038047454792516,19134
unknown,Faecalibacterium,0.08023789952129974,103405
neonate,Phocaeicola,0.026015885806377346,8687
infant,Phocaeicola,0.0558101738989111,30765
child,Phocaeicola,0.09042307438452907,15151
adolescent,Phocaeicola,0.1164763458401305,3065
adult,Phocaeicola,0.09728639705298592,125958
elderly,Phocaeicola,0.05304693216264242,19134
unknown,Phocaeicola,0.08911561336492432,103405
neonate,Blautia_A,0.0025325198572579716,8687
infant,Blautia_A,0.023728262636112465,30765
child,Blautia_A,0.030889050227707743,15151
adolescent,Blautia_A,0.03458401305057096,3065
adult,Blautia_A,0.06813382238523952,125958
elderly,Blautia_A,0.09240096163896729,19134
unknown,Blautia_A,0.05168028625308254,103405
neonate,Roseburia,0.0042592379417520435,8687
infant,Roseburia,0.010986510645213717,30765
child,Roseburia,0.03610322750973533,15151
adolescent,Roseburia,0.052202283849918436,3065
adult,Roseburia,0.06113942742819035,125958
elderly,Roseburia,0.04750705550329257,19134
unknown,Roseburia,0.041419660558000095,103405
neonate,Alistipes,0.004489467019684586,8687
infant,Alistipes,0.007963594994311717,30765
child,Alistipes,0.03973335093393175,15151
adolescent,Alistipes,0.04730831973898858,3065
adult,Alistipes,0.0500563679956811,125958
elderly,Alistipes,0.07781958816765966,19134
unknown,Alistipes,0.032764373096078526,103405
neonate,other,0.678139749050305,8687
infant,other,0.3078498293515358,30765
child,other,0.20322090951092336,15151
adolescent,other,0.16541598694942905,3065
adult,other,0.22550373934168533,125958
elderly,other,0.3082470994042019,19134
unknown,other,0.2780619892655094,103405
