species,age_category,prevalence,n_samples
Blautia_A wexlerae,neonate,0.05410383331414758,8687
Bacteroides uniformis,neonate,0.1036030850696443,8687
Phocaeicola vulgatus,neonate,0.1385979049153908,8687
Fusicatenibacter saccharivorans,neonate,0.04558535743064349,8687
Parabacteroides distasonis,neonate,0.12144583860941636,8687
Roseburia rectalis,neonate,0.040520317716127546,8687
Anaerostipes hadrus,neonate,0.04397375388511569,8687
Faecalibacterium duncaniae,neonate,0.044434212040980775,8687
Alistipes putredinis,neonate,0.0394842868654311,8687
Gemmiger qucibialis,neonate,0.04408886842408196,8687
Gemmiger formicilis,neonate,0.03557039254057787,8687
Bifidobacterium longum,neonate,0.24197076090710257,8687
Blautia_A wexlerae,infant,0.3241670729725337,30765
Bacteroides uniformis,infant,0.20994636762554852,30765
Phocaeicola vulgatus,infant,0.260035754916301,30765
Fusicatenibacter saccharivorans,infant,0.16239232894522998,30765
Parabacteroides distasonis,infant,0.20835364862668618,30765
Roseburia rectalis,infant,0.134340971883634,30765
Anaerostipes hadrus,infant,0.2170323419470177,30765
Faecalibacterium duncaniae,infant,0.07128230131643101,30765
Alistipes putredinis,infant,0.07973346335121079,30765
Gemmiger qucibialis,infant,0.06348122866894199,30765
Gemmiger formicilis,infant,0.10102389078498293,30765
Bifidobacterium longum,infant,0.5061270924752154,30765
Blautia_A wexlerae,child,0.5922381360966272,15151
Bacteroides uniformis,child,0.5519767672100852,15151
Phocaeicola vulgatus,child,0.6002904098739357,15151
Fusicatenibacter saccharivorans,child,0.49402679691109497,15151
Parabacteroides distasonis,child,0.5339581545772556,15151
Roseburia rectalis,child,0.454029437000858,15151
Anaerostipes hadrus,child,0.45600950432314696,15151
Faecalibacterium duncaniae,child,0.37469473962114713,15151
Alistipes putredinis,child,0.33436736849052867,15151
Gemmiger qucibialis,child,0.37159263414956106,15151
Gemmiger formicilis,child,0.3928453567421292,15151
Bifidobacterium longum,child,0.47284007656260313,15151
Blautia_A wexlerae,adolescent,0.633278955954323,3065
Bacteroides uniformis,adolescent,0.6355628058727569,3065
Phocaeicola vulgatus,adolescent,0.6610114192495922,3065
Fusicatenibacter saccharivorans,adolescent,0.6619902120717781,3065
Parabacteroides distasonis,adolescent,0.5402936378466557,3065
Roseburia rectalis,adolescent,0.6414355628058728,3065
Anaerostipes hadrus,adolescent,0.48515497553017944,3065
Faecalibacterium duncaniae,adolescent,0.6231647634584013,3065
Alistipes putredinis,adolescent,0.5442088091353997,3065
Gemmiger qucibialis,adolescent,0.5957585644371941,3065
Gemmiger formicilis,adolescent,0.5474714518760195,3065
Bifidobacterium longum,adolescent,0.44404567699836867,3065
Blautia_A wexlerae,adult,0.7014004668222741,125958
Bacteroides uniformis,adult,0.7259800886009622,125958
Phocaeicola vulgatus,adult,0.6702948601914924,125958
Fusicatenibacter saccharivorans,adult,0.6810444751425078,125958
Parabacteroides distasonis,adult,0.5806141729782943,125958
Roseburia rectalis,adult,0.606702234078026,125958
Anaerostipes hadrus,adult,0.5919592245034059,125958
Faecalibacterium duncaniae,adult,0.5776131726448499,125958
Alistipes putredinis,adult,0.5739214658854539,125958
Gemmiger qucibialis,adult,0.5726750186570126,125958
Gemmiger formicilis,adult,0.5272789342479239,125958
Bifidobacterium longum,adult,0.4004509439654488,125958
Blautia_A wexlerae,elderly,0.6792097836312324,19134
Bacteroides uniformis,elderly,0.7399393749346712,19134
Phocaeicola vulgatus,elderly,0.6634263614508206,19134
Fusicatenibacter saccharivorans,elderly,0.6370858158252326,19134
Parabacteroides distasonis,elderly,0.5682031984948259,19134
Roseburia rectalis,elderly,0.5682031984948259,19134
Anaerostipes hadrus,elderly,0.48202153235078915,19134
Faecalibacterium duncaniae,elderly,0.5324030521584614,19134
Alistipes putredinis,elderly,0.6134629455419672,19134
Gemmiger qucibialis,elderly,0.5717048186474338,19134
Gemmiger formicilis,elderly,0.47507055503292567,19134
Bifidobacterium longum,elderly,0.34916901850109755,19134
Blautia_A wexlerae,unknown,0.5827958029108844,103405
Bacteroides uniformis,unknown,0.5756394758473962,103405
Phocaeicola vulgatus,unknown,0.5538803732894928,103405
Fusicatenibacter saccharivorans,unknown,0.521841303612011,103405
Parabacteroides distasonis,unknown,0.4881775542768725,103405
Roseburia rectalis,unknown,0.4644359557081379,103405
Anaerostipes hadrus,unknown,0.474764276388956,103405
Faecalibacterium duncaniae,unknown,0.4324549103041439,103405
Alistipes putredinis,unknown,0.41482520187611815,103405
Gemmiger qucibialis,unknown,0.41492190899859777,103405
Gemmiger formicilis,unknown,0.3986654417097819,103405
Bifidobacterium longum,unknown,0.39685701851941396,103405
