iso2,country,hdi_2022,band,n_samples,n_studies
AE,United Arab Emirates,0.94,high,179,1
AR,Argentina,0.85,high,123,4
AT,Austria,0.93,high,1245,15
AU,Australia,0.95,high,4180,31
BB,Barbados,0.81,high,2,1
BD,Bangladesh,0.67,low,5427,21
BE,Belgium,0.94,high,988,14
BF,Burkina Faso,0.44,low,1103,3
BG,Bulgaria,0.8,high,110,2
BR,Brazil,0.76,middle,1122,6
BS,Bahamas,0.82,high,2,1
BW,Botswana,0.71,middle,178,1
CA,Canada,0.94,high,9728,60
CD,"Congo, The Democratic Republic of the",0.48,low,168,1
CF,Central African Republic,0.39,low,44,1
CG,Congo,0.65,low,116,1
CH,Switzerland,0.97,high,691,18
CL,Chile,0.86,high,39,2
CM,Cameroon,0.59,low,534,5
CN,China,0.79,middle,30694,359
CO,Colombia,0.76,middle,484,4
CY,Cyprus,0.91,high,1,1
CZ,Czechia,0.9,high,355,5
DE,Germany,0.95,high,7289,61
DK,Denmark,0.95,high,6367,47
EC,Ecuador,0.77,middle,422,3
EE,Estonia,0.9,high,422,5
EG,Egypt,0.73,middle,1,1
ES,Spain,0.91,high,5846,58
ET,Ethiopia,0.49,low,201,5
FI,Finland,0.94,high,3357,21
FJ,Fiji,0.73,middle,249,2
FR,France,0.91,high,1692,26
GA,Gabon,0.69,low,579,2
GB,United Kingdom,0.94,high,26551,70
GF,French Guiana,,,3,1
GH,Ghana,0.6,low,244,2
GR,Greece,0.89,high,46,3
GW,Guinea-Bissau,0.48,low,313,1
HK,Hong Kong,0.96,high,19119,40
HN,Honduras,0.62,low,1874,2
HR,Croatia,0.88,high,79,2
HT,Haiti,0.55,low,341,3
HU,Hungary,0.85,high,346,6
ID,Indonesia,0.71,middle,27,2
IE,Ireland,0.95,high,4461,29
IL,Israel,0.92,high,2211,20
IN,India,0.64,low,1546,31
IO,British Indian Ocean Territory,,,1,1
IR,Iran,0.78,middle,40,1
IS,Iceland,0.96,high,1,1
IT,Italy,0.91,high,5329,58
JP,Japan,0.92,high,5679,49
KE,Kenya,0.6,low,1791,8
KH,Cambodia,0.6,low,441,1
KR,South Korea,0.93,high,3789,39
KZ,Kazakhstan,0.8,high,627,6
LA,Laos,0.62,low,20,1
LR,Liberia,0.49,low,4,1
LU,Luxembourg,0.93,high,361,10
MG,Madagascar,0.49,low,160,2
ML,Mali,0.41,low,282,5
MM,Myanmar,0.61,low,22,1
MN,Mongolia,0.74,middle,57,1
MW,Malawi,0.51,low,83,2
MX,Mexico,0.78,middle,471,14
MY,Malaysia,0.81,high,1218,11
MZ,Mozambique,0.46,low,383,5
NE,Niger,0.39,low,997,2
NG,Nigeria,0.55,low,22,3
NI,Nicaragua,0.67,low,20,1
NL,Netherlands,0.95,high,5024,42
NO,Norway,0.97,high,1093,12
NP,Nepal,0.6,low,50,1
NZ,New Zealand,0.94,high,2118,12
PA,Panama,0.82,high,4,1
PE,Peru,0.76,middle,1121,7
PL,Poland,0.88,high,2032,13
PR,Puerto Rico,,,132,5
PT,Portugal,0.87,high,59,1
RO,Romania,0.83,high,79,2
RS,Serbia,0.81,high,100,2
RU,Russian Federation,0.82,high,1006,20
SA,Saudi Arabia,0.88,high,186,2
SE,Sweden,0.95,high,10896,30
SG,Singapore,0.95,high,2554,15
SI,Slovenia,0.93,high,64,1
SK,Slovakia,0.86,high,3,1
TC,Turks and Caicos Islands,,,2,1
TH,Thailand,0.8,high,46,6
TN,Tunisia,0.73,middle,52,3
TR,Türkiye,0.86,high,128,4
TW,Taiwan,,,343,7
TZ,Tanzania,0.53,low,1450,7
UG,Uganda,0.55,low,533,6
US,United States,0.93,high,98467,496
VE,Venezuela,0.7,middle,202,2
VN,Vietnam,0.73,middle,512,2
ZA,South Africa,0.72,middle,1654,12
ZM,Zambia,0.57,low,76,1
ZW,Zimbabwe,0.55,low,1038,3
